wav,strength,id
1.0,,(Fe)
20.0,,
20.0,,
20.0,,
20.0,,
23.0,,
3769.74,-3,
7315.886,1,Atm
7316.41,-3,©
7316.57,-3,Atm?
7316.739,1,Fe p
7316.858,2,Atm
7317.291,7,Atm
7317.43,-1,Fe p
7318.09,4d?,Atm
7318.382,3,Atm
7318.692,9,Atm
7319.15,-3,Atm
7319.32,-3,Atm?
7319.51,-3,Atm?
7320.689,4,Fe
7320.846,4,Atm
7321.52,-3nl,Atm?
7322.201,-2,Atm
7323.1,-3,
7323.354,-3N,Felp
7323.972,4,Atm ©
7324.29,-3Nd?,of
7324.68,0,o
7325.28,-3,Fe p
7325.56,-3,07
7325.99,-3,o
7326.16,8,Ca
7326.456,ON,Mn
7326.713,-2,Atm
7327.104,2,Atm
7327.37,3,Atm
7327.65,-2,N1
7328.25,0,Atm
7328.828,-3,©
7329.25,Onl,o
7330.15,o,Fe p
7330.34,-3,of
7330.859,9d,Atm
7331.04,,T1
7331.44,,V?
7332.28,,T1
7332.49,-3,07
7332.74,-3,Atm?
7332.905,1,Atm
7333.049,a,Atm
7333.58,1,Fe
7333.684,5,Atm
7333.88,-3,Atm
7334.25,-3,of
7334.62,-3,FeII
7334.91,-3,of
7335.335,4,Atm
7335.712,-2,Atm
7336.02,-3N,07
7336.38,-3,07
7337.043,-1,©
7337.78,,T1 p
7338.07,-3N,07
7338.94,,V
7339.34,-2N,Atm
7339.67,-3,07
7339.9,-3,07
7340.188,-1,o Atm-
7340.6,-3,of
7340.83,-3,Fe p
7341.351,0,Atm
7341.78,-3,Fe p
7342.317,-3,of
7343.226,-2N,©
7343.63,-3,Atm?
7343.939,3d,Atm
7344.2,-1,Fe p-
7344.46,-3,07
7344.759,4d,T1-
7345.21,-3N,of
7345.42,-3N,07
7346.11,-3N,Atm?
7346.56,-3N,
7346.87,-3,Fe p
7347.15,-3,Fe p
7347.309,0,Atm
7348.047,1,Atm
7348.214,0,Atm
7348.51,-2N,Fe p
7348.76,-3,Atm
7349.249,2,Atm
7349.493,3,Atm
7350.088,a,Atm
7350.49,-3NN,Fe p
7351.113,2,Fe
7351.519,3,Fe
7352.14,-3,T1
7352.791,-2N,o
7353.03,-3,
7353.213,-2,Atm
7353.379,-3,©
7353.507,1,Fe
7353.923,0,Atm 07
7354.606,0,Atm
7355.108,-3N,©
7355.457,0,Atm
7355.891,5,Cr
7356.262,2,Atm?
7356.4,-1,-V
7356.76,-3,Fe
7357.097,3,Ti?p
7357.739,1,T1
7358.26,-3,0?
7358.856,1,Atm?
7494.74,-3,Fe p
7495.077,8,Fe
7495.5,-3,0?
7495.66,-3,Fe p
7496.12,-2,T1
7497.44,-3N,0?
7498.22,-3,Atm?
7498.535,1,Fe
7498.78,-3,0?
7499.18,-3N,0?
7500.242,-2N,o
7500.55,-3,0?
7500.94,-3,Atm?
7501.28,-2,Fe p
7501.76,-3N,N1?
7502.78,-3N,©
7503.31,-3N,o
7503.94,-3,o
7504.276,-2,©
7504.61,-3,Atm?
7504.94,-2N,o
7505.19,-3,0?
7506.03,1,Fe p
7506.73,-3N,Atm?
7507.273,4,Fe
7508.6,-3N,Fe p
7509.46,-3N,Atm?
7511.031,11,Fe
7511.51,-3,0?
7511.8,-3,0?
7512.166,-2,Fe p
7512.77,-3,0?
7513.16,-3,0?
7513.76,-3,Atm?
7514.205,0,©
7514.54,-3,Atm?
7515.1,-3N,0?
7515.43,-3N,0?
7515.6,-3,Atm?
7515.837,0,FeII
7516.21,-3,0?
7516.623,-3,0?
7516.82,-2N,0?
7517.27,-3,Atm?
7517.83,-3N,Atm?
7518.66,-3N,0?
7519.89,-3N,Fe
7521.06,-2N,N1
7521.58,-3N,0?
7522.19,-3,Atm?
7522.778,5,N1
7523.217,-1,o
7523.54,-3,Atm?
7523.93,-3,07
7524.17,-3,Atm?
7524.75,-3,Atm?
7525.118,4,N1
7525.5,-3d?,Atm?
7562.62,-3,07
7563.016,1,Fe
7563.66,-3,of
7563.91,-3N,Atm?
7564.498,-3N,©
7565.21,-3N,0?
7565.534,-2NN,o
7566.34,-3N,of
7567.17,2NN,o
7567.61,-3,o
7568.6,-3,of
7568.906,5,Fe
7569.556,-1,©
7569.88,-2,of
7570.22,-3,of
7570.79,-3d?,of
7571.4,-3,of
7572.38,-3,of
7573.18,-3,
7573.426,0,Fe?
7573.72,-3,Fe P
7574.048,5,N1
7574.36,-3,of
7574.58,-3N,of
7574.88,-3N,oT
7575.39,-3N,©
7576.22,-3,Atm
7577.3,,o
7578.47,-2,Atm
7578.787,-2N,©
7579.08,,©
7580.38,,T17
7582.12,0,Fe p
7582.7,-3,Atm?
7583.12,-3N,of
7583.33,-3,Atm?
7583.48,-3,of
7583.796,4,Fe
7584.29,-3,of
7584.77,-3,Atm?
7586.0278,8,Fe
7586.52,-3,of
7586.92,-3N,Atm?
7588.31,1,Fe p
7588.849,-1,©
7590.18,-2N,©
7590.76,-3,Atm
7591.32,-2N,©
7591.9,-3,Atm?
7593.695,10,Atm O₂
7593.85,2,Atm O₂
7593.997,10,Atm O₂
7594.287,1,Atm O₂
7594.507,12,Atm O₂
7594.974,6,Atm O₂
7595.235,14,Atm O₂
7595.59,1,Atm O₂
7595.7708,12,Atm O₂
7596.228,15,Atm O₂
7596.503,12,Atm O₂
7596.768,-3,Atm O₂
7596.975,-4,Atm O₂
7597.438,30,Atm O₂
7598.006,1,Atm O₂
7598.65,50,Atm O₂ (
7598.847,,Atm O₂
7599.228,0,Atm O₂
7599.462,0,Atm O₂
7599.55,-4,Atm O₂
7600.066,25,Atm O₂
7600.493,25,Atm O₂
7601.127,0,Atm O₂
7601.24,-4,Atm O₃
7601.47,0,Atm O₂
7601.697,25,Atm O₂
7602.036,0,Atm O₂
7602.363,32,Atm O₂
7602.995,0,Atm O₂
7603.216,0,Atm O₂
7603.556,30,Atm O₂
7604.013,0,Atm O₂
7604.453,34,Atm O₂
7605.076,0,Atm O₂
7605.186,0,Atm O₂
7605.635,31,Atm O₂
7606.198,1,Atm O₂
7606.238,1,Atm O₂
7606.767,33,Atm O₂
7607.366,2,Atm O₂
7607.933,30,Atm O₂
7608.53,2,Atm O₂
7608.586,2,Atm O₂
7608.82,-4,Atm O₂
7608.91,-4,Atm O₂
7609.302,30,Atm O₂
7609.746,1,Atm O₂
7609.868,1,Atm O₂
7610.06,-4,Atm O₂
7610.455,25,Atm O₂
7611.007,0,Atm O₂
7611.1948,0,Atm O₂
7611.364,-4,Atm O₂
7611.584,-4,Atm O₃
7612.06,25,Atm 0₂
7612.314,0,Atm O₂
7612.578,-1,Atm O₂
7612.745,-4,Atm O₂
7613.194,20,Atm O₂
7613.705,-1,Atm O₂
7614.026,-1,Atm O₂
7614.15,-4,Atm O₂
7614.516,-2N,T1
7615.061,20,Atm O₂
7615.552,-2,Atm O₂
7616.146,17,Atm O₂
7616.98,8,N1
7617.245,-1,Fe p
7617.985,-1,Fe p
7619.214,4,N1
7619.698,0,Atm O₂
7620.077,0,Atm O₂
7620.322,-4,Atm O₂
7620.513,5,Fe
7620.996,20,Atm O₂
7621.323,0,Atm O₂
7621.8028,0,Atm O₂
7621.988,-4,Atm O₂
7622.29,-3,©
7622.503,-4,Atm O₂
7623.012,0,Atm O₂
7623.288,30,Atm O₂
7623.552,0,Atm O₂
7623.715,-4,Atm O₂
7624.5,32,Atm O₂
7625.354,1,Atm O₂
7625.475,-4,Atm O₂
7626.157,-3,Atm O₂
7626.524,1,Atm O₂
7627.054,32,Atm O₂
7628.225,35,Atm O₂
7629.092,2,Atm O₂
7629.196,-3,Atm 0₂
7629.988,-3,Atm O₂
7630.245,2,Atm O₂
7631.016,35,Atm O₂
7632.168,38,Atm O₂
7633.036,3,Atm O₂
7633.131,-4,Atm O₂
7634.052,-4,Atm O₂
7634.17,3,Atm O₂
7635.192,35,Atm O₂
7636.328,38,Atm O₂
7637.183,3,Atm O₂
7637.276,-4,Atm O₂
7638.306,3,Atm O₂
7639.339,3,Atm O₂
7639.585,32,Atm O₂
7640.457,3,Atm O₂
7640.707,35,Atm O₂
7641.535,2,Atm 03
7641.644,-4,Atm O₂
7642.651,a,Atm O₂
7642.786,-4,Atm O₂
7643.793,1,Atm O₂
7644.2,30,Atm O₂
7644.9,1,Atm O₂
7645.312,32,Atm O₂
7646.098,1,Atm O₂
7646.209,-3,Atm O₂
7647.2025,1,Atm O₂
7647.46,-3,Atm O₂
7647.84,-3NN,Fe p
7648.12,-3,
7648.454,0,Atm O₂
7648.58,-4,Atm 02
7649.035,20,Atm O₂
7649.5538,-1,Atm O₂
7650.0,2,Fe p
7650.135,22,Atm O₂
7650.894,-1,Atm O₂
7651.5,-3,o
7651.9638,0,Atm O₂
7652.383,-4,Atm O₂
7653.343,-1,Atm O₂
7653.47,-4,Atm O₂
7653.757,2,Fe
7654.094,16,Atm O₂
7654.428,-1,Atm O₂
7655.182,16,Atm O₂
7655.48,-1N,FeII
7655.847,-3,Atm O₂
7656.0,-4,Atm O₂
7656.53,-3,©
7656.94,-3,Atm O₂
7657.26,-3,N1
7657.6068,9N,Mg
7658.03,-3,
7658.42,-2,Atm O₂
7658.6,-4,Atm O₂
7659.148,-1N,o
7659.37,12,Atm O₂
7659.91,3,o
7660.454,12,Atm O₂
7661.05,-3,Atm O₂
7661.198,6,Fe
7661.48,-3,Fe p
7662.122,-3,Atm O₂
7662.84,-4,Atm O₂
7663.32,-3,of
7663.726,-4,Atm 0₂
7663.9,-4,Atm O₂
7664.18,-3,Fe p
7664.294,7,Fe
7664.872,12,K
7665.9448,10,Atm O₂
7666.44,-4,Atm O₂
7666.669,-4,Atm O₂
7667.518,-4,Atm O₂
7668.399,-4,Atm O₂
7669.233,-4,Atm O₂
7669.47,-4,Atm O₂
7669.668,2,o
7670.31,-4,Atm O₂
7670.6,10,Atm O₂
7671.669,10,Atm O₂
7672.09,-4,Atm O₂
7672.32,-4,Atm O₂
7673.127,-4,Atm O₂
7674.183,-4,Atm O₂
7674.962,-4,Atm O₂
7852.71,-3N,T1 p
7853.51,-2ns,Atm
7854.02,-2,Atm
7854.692,-1,Atm
7855.16,-2,N1
7855.405,1,Fe
7855.822,-2,
7858.3,-3,Atm?
7858.97,-3,Atm?
7860.76,-2,© Atm
7861.045,-1,N1
7861.32,-2,Atm
7862.38,-3,Atm?
7863.193,o,Atm
7863.799,o,N1
7864.437,2,Atm
7865.71,-2,Atm
7866.08,3,Atm
7866.32,-3,Atm
7866.71,-2,Atm
7868.09,-3,Atm
7869.635,1,Fe
7869.94,1,Zr
7870.5,o,Atm
7872.79,2,Atm
7873.34,-3,CN
7873.96,-3,CN
7874.84,-3,CN
7875.32,2,Atm
7876.114,1,Atm
7876.57,6,Atm
7876.705,-2,Atm
7877.059,o,MgII
7877.53,ON,©
7878.89,-3N,CN
7879.78,-1,Fe
7879.86,1,Atm
7880.14,-3,Atm?
7880.699,3,Atm
7880.847,-2,CN
7881.67,O ),©
7881.92,2,Atm
7882.3,-3,of
7882.84,-3,CN
7884.44,-3,oT
7885.014,1,Atm
7885.72,-2,Atm?
7886.202,-1,Atm
7886.802,o,Atm
7887.117,3,Atm
7887.78,-3,CN
7888.85,-3N,Atm?
7889.339,a,Atm
7890.12,-1N,N1
7890.42,-1N,o
7890.99,-2,Atm?
7891.144,1,Atm
7891.898,4,Atm
7893.5128,4,Atm
7893.62,-3,CN
7894.15,-3N,CN
7894.849,o,Atm
7895.13,-2,CN
7895.515,3,Atm
7896.035,5,Atm
7896.378,-1,MgII
7896.66,-3,©
7897.06,-3,CN
7898.03,-3,o
7898.38,-3,Siip
7899.53,-3,Atm
7899.86,-3,CN
7900.797,3,Atm
7901.16,-3,Atm
7901.78,9,Atm
7902.88,-1,Atm
7903.16,o,©
7903.794,-1,Atm
7904.18,-3,Fe p
7904.53,-3,©
7905.6,-3,CN
7906.33,-3,Atm?
7906.8,-3,©
7907.19,-2,Atm
7907.46,-2,Atm
7908.14,-3N,Cr
7908.75,8,Atm
7909.05,-3,
7909.37,1N,Atm
7909.61,-3,CN
7910.664,2,Atm
7911.31,-3,Atm
7912.004,-2,o
7912.384,-1,S1
7912.87,2,Fe
7913.438,-1,S1
7913.8,-3,CN
7915.35,-3,©
7915.6348,3,Atm
7916.1,-3,Atm
7916.32,-3,of
7916.532,-1,Atm
7916.79,-2,of
7917.428,2,N1
7917.561,o,Atm
7917.78,-3,Cr
7918.383,4,Si
7920.03,-3,CN
7920.24,-3,CN
7920.666,7,Atm
7922.98,-2NN,-CN
7923.81,-3N,ST
7924.169,-1,Fe p
7924.348,4,Atm
7925.3,-3d?,Atm?
7925.82,-1,
7926.29,-3,T1
7926.54,-3,o
7927.14,-3N,o
7927.928,-2,CN
7928.24,-3,Atm
7928.6185,7,Atm
7929.2,-3,Atm?
7929.339,a,Atm
7929.81,-3,CN
7929.939,-1,Atm
7930.28,-3N,GAIIT-
7930.819,3N,Mg p
7931.772,a,Atm
7932.351,8N,S1
7933.12,1,Cu
7933.48,-2,CN
7934.11,-3N,07
7934.99,-3N,o
7936.39,-3N,©
7937.15,7,Fe
7937.65,-3,CN
7938.05,-3,o
7938.61,-2,T1 p
7938.96,-3,Atm
7939.23,-2,CN
7939.68,-3,Atm?
7941.096,2,Fe
7941.79,1N,Atm-
7942.0,-2,Cr
7942.74,-1,Atm
7943.28,-2,o
7944.001,8N,S1
7944.38,-3,CN
7945.37,-3,o
7945.8588,7,Fe
7946.744,o,Atm
7947.63,,Rb
7947.726,a,Atm
7948.78,-2,CN
7949.149,-2,T1
7950.42,-3,CN
7950.889,1,Atm
7951.176,1,Atm
7951.73,-a,CN
7953.07,-3N,Atm?
7953.39,-3,oT
7953.64,-a,Atm?
7953.84,1ns,oT
7954.12,-3,of
7954.57,-2 ),CN
7954.97,-1N,Fe p
7955.71,1,Fe
7956.19,1,Atm
7956.71,-1,Zr
7957.01,-2,CN
7957.77,-3,Atm
7958.21,-3,CN
7958.4928,7,Atm
7958.76,-3,
7959.148,1,Fe
7959.7,-3,o
7960.27,1,Atm
7960.734,5,Atm
7961.604,3,Atm
7962.606,-2,CN
7962.861,-3d,Atm
7963.132,8N,Atm oT
7964.349,2,Atm
7964.97,3,Atm
7965.55,-3,Fe P
7966.43,-2,Atm
7967.1,-2,CN
7967.7,-3,Atm?
7968.121,4,Atm
7968.473,-1,CN
7968.765,-1,Atm
7969.36,-3N,Atm?
7970.11,-1 ),CN
7970.3,3N,S1
7970.81,-3,©
7971.5223,4,Atm
7971.86,-3,Atm ©
7972.15,-2,©
7973.79,-3,CN
7974.136,o,Atm
7974.69,-2,CN
7975.002,o,Atm
7975.58,-2N,o
7976.3,-2,07
7976.586,-1,Atm
7977.215,-2,CN
7977.995,-1,Atm
7978.56,-3,CN?
7978.834,o,T1
7979.81,-3N,CN
7980.008,O,Atm
7980.452,o,Atm
7980.79,-3,o
7981.15,-3,CN
7981.54,-3,of
7981.84,-3,Atm
7982.87,-3,Atm
7983.65,-3,Atm
7984.0,-3,Atm
7984.342,4,Atm
7984.615,-3,CN
7985.17,-3,0?
7985.75,-3N,Atm?
7986.264,2,Atm
7986.53,-3,0?
7987.24,-1N,o
7987.391,-1,Atm
7987.97,-2,CN
7988.113,1,Atm
7990.729,1,Atm
7990.9,o,Atm?
7991.52,-3,Atm?
7991.71,-2,0?
7992.322,-1,CN
7993.048,-2N,Al
7993.43,-3,0?
7993.86,-1,o
7993.969,-1,o
7994.488,3,Fe
7995.019,-1,S1 p
7995.63,-1,CN
7995.809,-2,©
7996.485,-1,T1
7996.8,-3,Co?
7997.572,-2,Atm
7998.247,2,Atm
7998.499,2,Atm
7998.953,8,Fe
7999.88,-3,CN
8000.3,6,Atm
8000.52,-3,Atm?
8000.959,-2,Atm
8001.4,-3,Atm?
8002.4,-2,CN
8002.56,-2,Fe p
8003.237,o,Atm
8003.53,-2,Atm?
8003.93,-2N,07
8004.588,o,Atm
8004.971,o,Atm
8006.46,-3,07
8006.62,-2,Atm?
8006.97,-3,of
8007.47,9,Atm
8007.72,3,Atm
8008.455,-1,CN
8009.38,-3N,S1 p
8010.088,-1,CN
8010.896,1,Atm?
8011.24,-3,Atm?
8011.72,-3,o
8011.98,-3,.0?
8012.273,-1,©
8012.484,-1,©
8012.94,4,Atm
8013.384,o,Atm
8013.81,-3,Atm
8014.051,1,Atm
8014.713,-1,Atm
8015.652,-2,Atm?
8016.523,-1,Atm
8017.04,-3,CN
8017.425,o,Atm
8018.044,-1,Atm
8018.304,-1,Atm
8020.24,-2,©
8020.709,3,Atm o
8021.44,-3,07
8022.055,1,Atm
8022.52,-2,of
8022.971,o,Atm
8023.166,a,Atm
8023.852,1,Atm
8024.178,1,Atm
8024.547,-1,Fe
8024.861,-1,T1
8025.193,o,Atm
8025.57,-3,
8025.865,-1,Atm?
8026.09,-1,Atm
8026.38,-2,CN
8026.925,1,©
8027.39,-3,V
8027.838,1,o
8027.93,-1,Fe p
8028.318,5,Fe
8028.544,4,Atm
8029.453,-1,Atm
8030.36,-3,of
8030.67,-2,of
8031.269,1,Atm
8032.04,-3,Atm?
8032.77,-3,CN
8033.606,2d,Atm
8034.293,3,Atm
8034.6,-3,N1
8034.962,-1,T1
8035.36,o,Atm
8035.608,ON,S1
8036.46,3,Atm
8037.878,-1,Atm
8038.15,-1,Atm?
8039.6,3,Atm
8040.0,-3,07
8040.28,-3,CN
8041.038,-1,Atm
8041.77,-3N,CN
8042.321,O,o
8043.169,3,Atm
8043.612,-1,Atm
8043.874,-1,CN
8044.398,a,Atm
8045.5308,3,Atm
8046.0588,8,Fe
8046.49,-3,
8046.8,-3,S1 p
8047.625,4,Fe
8048.98,-1,Atm
8049.33,-3N,o
8049.9,-1NN,-CN
8051.12,-3,o
8052.435,a,Atm
8052.88,-3,of
8053.098,1,-CN
8053.81,-3,07
8054.311,5N,©
8054.903,-1,Atm
8055.995,-1,Co?
8056.36,-3,of
8056.67,-3,07
8056.95,-3,07
8057.27,-3,©
8057.91,-3,07
8058.54,ON,Atm
8058.74,-1,o
8059.538,1,Atm
8060.249,o,Atm
8060.7,-3,07
8061.16,,Cr?
8062.161,Od,
8062.594,-2,CN
8062.89,-3,Ti?p
8063.1,,Zr
8063.2868,2,Atm
8064.106,-2,CN
8064.61,-3,Atm?
8065.226,1,Atm
8065.876,-1N,o
8066.07,,T1
8067.26,-3,CN
8067.78,-3,0?
8068.261,-2,T1
8068.5,-2,SaII
8069.34,-3,of
8069.79,-2,of
8070.016,-1,o Atm
8070.34,-1,Zr-
8070.62,-1,Siip
8071.262,1N,©
8072.162,-1,Fe
8072.381,-1,Atm?
8073.029,-1,o
8073.8,-3,of
8074.43,-3,CN
8074.744,-2,o
8075.1588,2,Fe
8075.549,ON,o
8076.293,1,Atm
8077.012,-3,07
8077.68,-3,oT
8077.96,-3,0?
8078.501,1,Atm o
8079.252,O,Atm
8079.597,O,Atm
8080.582,-2,T1 P
8080.69,1N,Fe
8081.11,-3,of
8081.523,O,CN
8082.16,-2,
8082.54,-2,CN
8082.969,-1,o Atm
8083.19,-3N,
8083.82,-3N,
8084.807,-1,Atm
8085.175,8,Fe
8085.431,1,Atm
8085.82,-3,of
8086.18,-3,Siip
8087.46,-2N,of
8088.31,-3,07
8088.56,-2,Atm?
8089.361,-1,©
8089.76,-3N,of
8090.464,1N,© Atm?
8091.082,-1,Atm
8091.5,-3,of
8091.95,-2N,of
8092.64,2,Cu
8093.04,-3,CN
8093.232,3,S1
8093.76,-3,
8093.937,1,Co
8094.27,2,Atm
8094.836,-3,0?
8095.352,-1,Atm
8096.02,-1,N17
8096.58,3,Atm
8096.874,1,Fe
8097.524,ON,©
8098.746,7N,Mg
8098.9,-2,
8099.418,-1,Atm
8100.43,-3,
8101.09,-3,
8101.382,0,Atm
8101.86,-2,Atm?
8102.285,-1,07
8103.1658,1,Atm
8103.764,-2,of
8104.03,-2Nd',of
8104.709,0,Atm
8105.69,-3,
8105.937,-2,
8106.385,-1,Atm
8106.708,-2,
8107.12,-2,CN
8107.32,-2,©
8107.8435,4,Atm
8108.312,-2,Fe P
8109.018,a,Atm
8109.84,-1,-CN
8110.09,-2,CN
8110.568,a,Atm
8111.01,-3,Atm?
8111.85,-3,of
8112.179,-2,Fe P
8112.406,3,Atm
8113.631,3,Atm
8113.948,4,Atm
8114.69,-1,©
8114.89,0,CN
8115.931,-3,o
8116.73,-2N,-V
8117.301,-2,0?
8118.105,1,Atm
8118.446,-1,Atm
8118.91,2,Atm
8119.7,-3,o
8119.992,-2,Atm ©
8120.661,a,Atm
8121.248,o,Atm
8121.499,1,Atm
8122.22,-3,©
8122.576,3,Atm
8122.82,-1,Atm
8123.316,1,Atm
8123.579,1,Atm
8124.289,-3N,Atm?
8125.054,2N,© Atm
8125.4458,3,Atm
8126.227,-2,CN
8126.48,-3,
8126.852,3,Atm
8127.13,-2,Atm
8127.94,-3N,T1?
8129.35,-3,Fe p
8130.01,2,Atm
8130.23,-1,Atm
8130.46,5,Atm
8131.0,-1,Atm?
8131.213,2,Atm
8131.38,-1,07
8131.709,-2,Atm?
8132.373,ON,Atm o
8133.04,,Zr
8133.2098,2,Atm
8133.564,-1,Atm
8133.777,10,Atm
8134.52,-1,Atm
8135.047,9,Atm
8136.207,1,Atm
8136.525,3,Atm
8137.149,1,Atm
8137.47,-3,o
8137.974,-2-,o
8138.777,1,Atm
8139.718,3,Atm
8140.674,10d,Atm
8141.936,9,Atm
8142.761,-2,o
8143.56,-3,Atm
8143.794,4,Atm
8144.193,1,Atm
8144.515,1,Atm
8144.76,-3,Atm?
8145.478,-1,Fe
8146.2138,5,Atm
8146.67,-3,Fe p
8147.188,5,Atm
8148.078,3,Atm
8175.12,-3,of
8175.72,-3,Atm?
8176.32,-3,
8176.975,(20),Atm
8177.9325,7,Atm
8178.4918,4,Atm
8179.056,7,Atm
8179.48,-3,S1 p
8179.913,0,Atm
8180.23,-3,of
8180.878,-3,o
8181.273,-3,©
8181.8488,9,Atm
8182.25,-3,Atm?
8182.48,-3,o
8183.12,1,Atm
8183.3,11N,Na
8184.207,-3,© Atm?
8184.5,-3,©
8184.78,-3,Atm
8185.34,-3,of
8185.67,-3,Cr?
8186.371,8,Atm
8186.791,2,Fe
8187.852,1N,Atm
8188.11,-3N,o
8189.272,(20),Atm
8190.83,-3,©
8191.02,-1,Atm
8191.61,-3N,Atm?
8192.069,-1,Atm
8192.24,-2,
8192.55,-3,
8193.113,(30),Atm
8193.738,-2,Atm
8194.233,-3,Atm
8194.8365,12N,Na
8195.452,-2,©
8195.98,-3,Atm
8196.51,-2,Fe P
8196.96,-3,©
8197.704,(20),Atm
8198.278,-3,©
8198.98,3,Fe Atm
8199.49,-3,Atm
8199.989,4,Atm
8200.6948,6,Atm
8200.99,-3,©
8201.2,-3,©
8201.57,-2,Atm
8201.695,a,Atm Q
8202.14,-3,Fe?
8202.37,-3,Atm
8202.94,-3,o
8203.23,-2,
8203.53,-3,of
8204.09,-2,Fe p
8204.827,3,Atm
8204.95,) ON,Fe p
8205.31,-3,
8205.67,-3,of
8206.785,-1,Atm
8207.04,-3,o
8207.749,4,Fe
8208.15,-3,Atm
8208.56,-2,Co
8209.559,3,Atm
8209.85,-3,of
8210.321,a,Atm
8211.05,-3NN,©
8211.151,-2N,Atm
8211.57,-3,
8212.132,5,Atm
8212.55,-3,Zr
8213.041,9N,Mg
8213.85,-1d,Atm o
8214.413,a,Atm
8214.71,-3,of
8215.155,3N,©
8215.798,-2,
8216.303,-2,N
8216.975,-2,Atm
8218.1148,10,Atm
8218.51,-2,©
8219.71,-2,o
8220.388,10,Fe
8221.5538,6,Atm
8222.7,-3,o
8222.88,-3,N
8223.99,8,Atm
8224.46,a,Atm
8224.82,-3,of
8225.124,-2,0?
8226.962,(20),Atm
8227.25,-2,
8227.986,7,Atm
8228.761,8,Atm
8228.86,-3,
8229.27,-3,
8229.762,8,Atm
8230.486,a,Atm
8230.63,-3,S1
8231.289,9,Atm
8231.703,8,Atm
8232.319,5,Fe
8232.34,-3,Atm?
8233.906,8,Atm
8234.628,3,Atm
8235.34,-3,07
8235.81,-3,Cr?
8236.121,2,Atm
8237.3418,5,Atm
8238.32,P8,Atm
8238.538,-1,Atm
8239.1328,2,Fe
8239.924,4,Atm
8240.379,-3,of
8241.277,-2,Atm
8241.6,,V
8241.765,-3,of
8242.365,2d,Atm
8243.13,a,Atm
8243.488,9,Atm
8244.05,-2N,Atm
8244.75,-3N,Atm
8245.28,-3N,Atm
8245.84,-3N,Atm
8246.629,1,Atm
8246.81,-3,©
8247.307,-3,©
8247.85,-3,Atm
8248.137,4,Fe
8248.802,4,.o
8249.62,-3,Atm
8250.38,-2,o
8250.99,-2,
8251.636,-3,o
8252.02,-3,o
8252.7278,6,Atm
8253.6,,V
8253.81,-3,Fe p
8254.32,-3,Fe
8254.681,1,©
8255.57,-3,of
8256.0,,V
8256.515,(20),Atm
8257.283,-3,o
8257.51,-3,o
8257.86,2,Atm
8258.4,-3d,o
8258.72,-3,
8259.6928,8,Atm
8260.355,0,Atm
8260.79,-2,Atm?
8261.0,-3N,Atm
8261.849,-1,Cr?
8262.733,-1N,Atm
8263.445,7,Atm
8263.85,0,Fe P
8264.276,0,Fe
8264.642,-1,Atm
8264.969,0,Atm
8265.69,-3N,of
8266.433,-1,©
8267.118,-1,o
8268.073,-1,©
8303.17,-3,Fe p
8303.39,-2,Atm
8304.3,6,Atm
8305.092,12,Atm
8305.617,-1,©
8306.2,-3,Atm?
8306.41,-3,0?Atm?
8306.699,-2,Atm
8307.12,-3,Atm?
8307.54,,T1
8307.603,0,Atm
8308.67,0,Atm
8309.39,-3,of
8309.71,-2,o
8310.115,a ),Atm
8310.252,2,©
8310.829,-1,Atm
8311.28,-3N,o
8311.767,2,Atm ©
8311.9568,6,Atm
8312.44,-3,
8312.874,-3,
8313.301,-3,©
8313.873,3,Atm
8314.45,-3,o
8314.77,-3,©
8315.67,-3,Atm
8315.927,-1,Atm
8316.2248,5,Atm
8316.3,oT,
8317.02,-3,
8317.394,-3,S17
8318.139,9,Atm
8319.36,-3,©
8320.183,-3,©
8320.443,-3,07
8320.9,-1?,
8321.242,9,Atm
8321.587,10,Atm
8322.527,-3,
8322.924,-3,07
8323.42,-3N,Atm
8324.142,-3,©
8324.608,-2,Atm
8324.99,-3,of
8325.45,-3,©
8325.6888,5,Atm
8325.737,-3,©
8326.316,1,Atm
8326.68,-3,
8327.0618,10,Fe
8328.474,1,Atm
8328.95,-a,
8329.254,-2,Atm
8329.6828,8,Atm
8330.26,-2,©
8330.489,-1,Atm
8331.2,-3,o
8331.432,-3,o
8331.926,6,Fe
8332.145,2,Atm
8332.726,1,Atm
8332.88,-1,o
8333.584,5,Atm
8333.891,-3,Atm
8334.33,,T1
8334.454,2,Atm
8335.15,3N,C
8335.508,3,Atm
8336.108,0,Atm
8336.236,0,©
8336.98,-2,of
8337.1,-2,of
8337.34,-3N,07
8337.916,-3,07
8338.343,-2,S1
8338.666,-1,Atm
8338.902,0,Atm
8339.034,10,Atm
8339.413,4,Fe
8340.5,-1,©
8341.443,0,Atm
8341.874,-1,Atm
8342.29,3,Atm
8342.866,0,Fe
8343.33,-3,of
8343.716,-2,o
8343.932,0,Atm
8344.31,-3,Atm
8344.765,-3,07
8345.19,-3,Fe P
8345.73,-3,©
8346.131,9N,Mg
8346.39,-3N,Atm
8347.326,1,© Atm
8347.829,-2,©
8348.304,0,Cr
8348.72,-3,Atm
8349.02,,Fe p
8349.1628,4,Atm
8349.383,3,Atm
8349.77,-3,Atm
8349.964,-3,Atm
8350.733,-2,o
8351.04,-3,Atm
8351.45,-3N,Atm
8352.18,-3,Atm
8352.43,-3,
8352.806,-2,Atm
8353.123,-2,T1
8353.55,-3,Atm
8353.642,4,Atm
8354.36,-3N,07
8354.723,2,Atm
8355.15,-3,Fe p
8355.36,-3,of
8356.02,-3,Fe p
8356.37,-3,of
8357.04,6,Atm
8357.441,3,Atm
8357.873,-3NN,©
8358.504,1N,Fe p
8359.542,2,Atm
8360.795,2,Fe
8362.0,4,Atm
8362.3025,5,Atm
8362.56,-3N,
8363.254,-3,Atm
8363.58,,T1 p
8363.837,-3,©
8364.243,1,T1
8364.948,-3N,of
8365.64,3,Fe
8366.022,-3,Atm
8366.542,1,Atm
8367.022,-3,Atm
8367.3315,6,Atm
8369.06,-3,Atm
8369.25,-3N,Atm
8369.77,-1 ),Atm
8369.858,-1,Fe p
8370.472,-1,Atm
8370.802,-2,Atm
8371.457,-3N,© Atm
8372.177,-2,Atm?
8372.777,-2,Co
8373.236,-2,Atm
8373.711,5d,Atm
8374.546,1,Atm
8375.713,-1,Atm
8376.187,-2,Atm
8376.3818,4,Atm
8376.594,-2,Atm
8376.9,-3,
8377.16,2,Atm
8377.39,-2,o
8377.87,1,T1
8378.25,ON,©
8379.37,-3,Co?
8379.77,-3,Atm?
8380.68,-3,Mn?
8381.44,1,Atm
8382.217,-3,Fe p
8382.541,1,T1
8382.781,1,T1
8383.302,-3,©
8383.58,-3N,
8383.861,-1,Atm
8384.17,1,Atm
8384.831,-1N,© Atm
8385.48,ON,©?Atm
8385.63,-1,Atm
8386.182,-1,Atm
8386.35,,T1 p
8386.53,-3,07
8386.933,0,Atm
8387.782,10,Fe
8388.328,-3,
8389.19,-3N,07
8389.521,-1,T1
8390.459,-2,©
8391.185,-2,©
8393.68,-2,Atm
8394.02,3,Atm
8394.518,-2,Atm
8394.882,-1,Atm
8395.134,-1,Fe?
8396.9,0,T1
8397.1528,2,Atm
8397.635,0,Atm
8397.99,-3N,Siip
8398.481,-3,©
8399.12,-3,
8399.947,1N,Atm of
8400.64,1,Atm
8401.401,1,Fe
8401.695,-3,Fe p
8402.629,-3,T1-
8403.001,-2,Atm
8404.182,0,Atm
8404.382,0,©
8404.73,-3,
8405.374,3,Atm
8405.665,0,Atm
8407.257,-3,of
8408.229,-1,Atm
8408.55,-1,Atm
8408.755,3,Atm
8409.585,1,Atm
8410.43,-3Nd,©
8411.127,-1,Atm
8411.36,-2,©
8411.62,-3NN,©
8411.93,-3,Atm
8412.356,a,T1
8413.33,-3,Atm
8414.084,0,Zr
8414.59,-3,Atm
8415.45,4,Atm
8416.934,-2N,T1
8417.222,0,N1 Atm
8417.51,,T1
8417.96,-3,S1 p
8418.408,a,Atm
8418.639,2,Atm
8419.292,0,o
8419.59,-3,
8419.872,-1,o
8421.443,Od?,©
8422.412,-3,07
8422.923,1,Fe
8423.14,-2NN,T1-
8423.65,-3,Atm?
8424.139,a,Fe
8425.62,-3,0?
8425.889,-3,Fe P
8426.997,-3NN,o
8427.769,-3,Atm
8428.107,-3,Atm?
8429.595,-1,Atm
8429.967,-3,©
8430.496,-3Nd?,©
8430.798,2,Atm
8431.236,-3,
8432.06,-3,of
8432.389,-2,Atm?
8433.23,-3,
8434.1,-3,
8434.44,-2N,T1
8434.509,Od,Fe p
8434.9688,4,T1
8435.28,-3,Siip
8435.655,3,T1
8436.126,-3,©
8436.376,2,Atm
8436.5143,2,T1
8437.232,-2,of
8437.4,-3,Atm
8437.462,-2,0?
8438.054,1,Atm
8438.64,-3,07
8438.92,-2,T1
8439.581,5,Fe
8440.02,-3N,
8440.4,-30?,
8440.751,1d?,©?Atm
8441.48,-3,o
8441.765,-3,©
8442.476,2,Atm
8443.0,,T1
8443.975,3,S1
8444.377,-3,S1
8444.783,-1,Atm
8445.278,-3,oT
8445.729,-3,of
8446.359,5N,o
8446.741,an,O
8447.12,-3,
8447.34,-3,Fe p
8447.678,-3,Fe p
8482.876,-3,
8483.16,-3,T1
8483.447,-1,
8486.914,2,Atm
8487.62,-3,©
8487.92,-3,
8488.306,-1,Atm
8491.291,-3,
8491.735,1,Atm
8492.082,-2,of
8493.39,-3,
8493.796,0,Fe p
8494.44,,T1
8495.73,-3,
8496.075,-3,T1
8496.483,-1,Fe p
8496.994,a,Fe
8498.062,20,CaII
8499.326,-1,©
8499.883,-1,Atm
8500.33,-3,
8501.553,1,S1
8501.803,-2,-N1
8502.228,3,S1
8502.76,-3,
8503.145,0,Atm
8503.54,-3,
8503.966,-3,of
8504.536,-2,07
8505.112,-2,07
8505.852,1,Atm
8507.7,-3,Atm
8509.65,-1,Fe p
8510.253,-1,07
8510.92,-3,
8511.23,-3,
8511.49,-3,
8511.912,2,Atm
8512.294,1,Atm
8512.97,-3,Fe P
8513.26,-3,
8513.45,-3,
8514.0828,7,Fe
8514.63,-3,Siip
8515.122,5,Fe
8515.63,-3,
8516.007,-1N,0?
8516.75,-3,
8517.295,0,of
8518.011,-2,T1
8518.397,0,T1
8519.1,-3,Fe p
8519.64,a,Atm
8520.73,-3,
8521.219,-2N,of
8522.01,-3,
8522.99,-1NN,o
8523.46,-3,
8525.008,-1,Fe p
8525.5,-3,07
8525.72,-3N,©
8526.02,-3,07
8526.32,-2,of
8526.676,3,Fe
8526.994,-3,Atm
8527.847,O,Fe p
8529.68,-3,©
8529.9,-3,o
8530.17,-3,o
8531.51,-2,T1-
8531.71,-2,o
8533.34,-3,
8534.72,-2,o
8534.781,O,Atm
8535.5,-3N,of
8536.163,3N,S1
8536.68,-3,
8538.021,3,Fe p
8538.77,-3,o
8539.33,-3,T1
8539.888,0,o
8540.817,3,Atm
8542.144,25,CaII
8546.222,-1,Atm
8547.19,-3,
8547.74,-3,
8548.079,-1,T1
8548.863,-3,Cr
8549.188,-3,of
8549.74,-3N,©
8550.366,O,S1 P
8550.52,,T1
8553.762,1,Atm
8554.271,-3,
8555.0,-2,
8555.569,-2,Cr
8556.32,-3,
8556.7978,8N,S1
8558.563,-3,
8559.061,-2,
8559.751,-2,
8560.02,-3,Fe
8560.639,-3,
8561.05,-3,
8561.61,-2,
8562.109,O,Fe P
8562.365,-2,
8563.83,-3,
8564.62,-3,
8565.456,-3d?,T1
8567.043,-3,of
8567.776,-1,Fe p
8568.724,-1,Atm
8569.02,-3,
8569.67,,T1
8571.08,-3,
8571.328,-3,Atm
8571.8078,a,Fe p
8572.23,-3,
8572.65,-3,
8573.141,o,Atm
8573.47,-2,©
8573.96,-3,
8574.538,-3,07
8575.268,-2,07
8575.75,-3,
8576.48,-3,Fe p
8577.19,-3,
8578.43,,T1
8579.08,-2,S1
8581.76,-3N,
8582.2718,6,Fe
8582.857,-3,
8583.31,-1,©
8584.09,-3,
8584.791,-2,Fe p
8585.27,-3,
8585.577,O,S
8586.211,O,N17
8586.64,-3,
8586.9,-3N,Atm?
8587.04,-3,0?
8587.93,-3,
8588.34,-3N,
8589.59,-3N,-Co?
8590.327,-2,
8591.191,-2,
8591.54,-2,Atm?
8592.119,-2,Fe p
8592.969,3N,Fe
8595.07,-3N,Atm?
8595.9688,3N,S1 p
8597.059,1N,S1
8598.17,-3d?,T1
8598.8368,3,Fe
8601.03,-3,T1
8602.18,-3,07
8602.77,-3,Ti?p
8603.82,-2,07
8604.92,-3,07
8605.74,-3,Atm?
8606.0,-3,S1
8606.383,-2,N1
8728.024,4,S1
8728.604,/a,Si
8729.171,1,Fe P
8730.22,-3,©
8734.74,-3,T1
8736.04,10N,Mg
8737.4,-2,Mn
8738.76,-3N,Atm?
8739.5,-3,Atm?
8740.24,-3,Atm?
8740.85,Od,Mn
8741.68,-2,Atm?
8742.466,6N,S1
8743.53,-3,07
8745.34,-2,of
8745.81,-2,
8747.4388,0,Fe
8747.85,-3,
8750.57,-3N,
8751.198,1N,S1 P
8752.025,6N,S1
8753.11,-3N,oT
8755.75,-2,©
8757.199,4,Fe
8758.466,-2,Atm?
8759.66,-3,oT
8761.28,-3,of
8763.978,6,Fe
8764.94,-3NN,
8766.417,-1,S1
8766.68,-2,T1
8767.05,-2,
8767.68,-3Nd?,Fe p
8770.681,O,N1
8771.86,-2N,©
8772.57,-1,
8772.884,5,Al
8773.9068,6,Al
8778.68,,T1
8778.82,,©
8779.08,-3,Fe P
8779.72,-2,
8780.17,-2,of
8780.757,3,©
8784.4448,1,Fe
8790.4548,6,Fe
8792.95,-1,
8793.3508,6,Fe
8796.491,2,Fe
8798.07,-3,Fe p
8798.55,-2N,
8798.96,-2,
8799.942,-1,Atm
8800.56,,Y
8801.05,,©
8801.81,,Fe p
8802.13,-2,07
8802.92,,o
8803.397,-1,Atm
8803.52,,o
8803.82,,
8804.637,3,Fe
8805.19,-1,Fe P
8806.775,14,Mg
8808.173,a,Fe
8808.8,-2N,©
8809.406,1,N1
8809.825,-2N,
8811.704,-1,Atm?
8812.98,-3,
8814.31,-3d?,-Fe?
8816.876,-1,Fe p
8818.78,-3,
8819.16,-3,Co
8819.35,,T1
8819.51,ON,Fe p
8820.231,-1,Atm
8822.38,-2,
8824.2348,10,Fe
8828.103,-1,Fe p
8828.87,-2,Al
8831.241,-2,Atm
8832.953,-1,©
8834.025,-1,Fe p
8835.54,0,Atm
8835.79,0,Atm
8836.4,-2,
8837.05,-2,
8838.441,6,Fe
8839.81,-2,O
8841.23,-1N,Al
8842.6,-2,©
8843.52,-2,
8844.56,-2,
8844.83,-2,
8845.42,-2,
8846.03,-2,Atm?
8846.75,3,Fe
8847.15,,©
8847.59,,
8848.47,,
8849.96,,o
8850.71,-3,Co?
8850.87,,o
8852.351,1N,Atm
8853.35,,o
8854.1,,©
8855.35,,T1
8855.84,,©
8857.294,1,Atm
8857.678,1,Atm
8858.816,2N,Atm
8859.99,-1,©
8860.78,-1,
8861.95,-1,Atm?
8862.06,o,©
8862.563,3,N1
8863.588,1,Fe
8866.255,1,Atm
8866.943,9,Fe
8868.444,3,Fe
8869.049,o,Atm
8872.347,o,Atm
8873.38,ON,©
8874.478,1N,-S?
8875.28,-1,
8876.03,1,Fe
8877.04,-1,N1
8877.55,-1,
8878.271,1,Fe p
8878.775,o,Fe p
8879.3165,4,Atm
8880.69,-1N,S
8882.15,1N,Atm
8883.68,o,S1
8884.24,-1,S
8885.03,,
8887.07,-1N,Fe p
8891.412,1,Atm
8892.11,-1,Fe p
8892.738,4,S1
8893.75,-1,
8894.48,O,
8895.98,-1,Fe p
8896.607,2,of Atm?
8897.892,o,
8898.99,1,Atm
8899.222,2,S17
8900.626,2,Atm
8902.926,-1,Fe p
8903.7,-1,
8905.989,1,Fe p
8907.245,1N,
8907.538,1,
8909.08,-1,
8911.01,1N,
8912.101,7,CaII
8915.901,-1ns,0?
8916.879,-1,
8917.506,1,Atm
8918.643,-1,07
8919.55,-1,Atm?
8920.036,3,Fe
8921.632,0,Atm
8922.643,0,Fe p
8923.57,3,Al
8925.288,1,S1
8925.91,-3,Cr-
8926.881,0,Atm
8927.392,7,CaII
8929.072,6,Fe
8929.476,-2,Atm
8930.27,4,Atm
8930.82,-3d,Atm?
8931.76,-1,Fe p
8932.36,-2N,
8932.97,,©
8934.075,8,Atm
8935.89,-1,Atm
8940.208,4,Atm
8940.585,2,Atm
8941.667,-1,o
8942.338,3,Atm
8943.058,2,Fe
8944.21,1,Atm
8945.198,5,Fe
8946.336,8nl,Atm-
8946.878,4,Atm
8947.197,0,Cr
8948.615,3,Atm
8948.908,0,Atm
8949.06,2N,S1
8950.217,-1,Fe p
8950.744,1,Atm
8951.75,2,Atm
8952.18,3,Atm
8953.1,-2N,©
8953.62,-2N,©
8953.89,-2,©
8954.313,5,Atm
8954.967,9,Atm
8956.3,-3,Fe p
8956.71,-1,Atm
8957.72,-1,Atm
8958.0,-3,Atm?
8958.402,4,Atm
8959.86,-3N,Fe p
8960.67,-2N,©
8961.31,-3,o
8961.66,-2,©
8962.34,6,Atm
8962.59,6,Atm
8963.492,4,Atm
8965.467,5,Atm
8965.94,-1,N1
8966.406,4,Atm
8967.59,-3,Fe p
8967.72,0,©
8968.2,1,N1
8969.03,0,Atm
8971.09,2,Atm
8971.56,9d,Atm
8973.891,1,Atm
8974.261,2,Atm
8974.783,3,Atm
8975.413,1,Fe
8976.4243,1,Atm
8976.88,-1,Cr
8978.16,-2,Fe p
8979.23,-1,TiII?p
8980.488,9,Atm
8980.643,9,Atm
8981.428,-1,Atm C?
8983.83,-3,of
8984.361,-2,Atm
8984.898,1,Fe
8986.6,5,Atm
8987.37,3,Atm
8987.65,10,Atm
8988.157,1,Atm
8989.08,3,Atm
8989.544,1,Atm
8990.83,6,Atm
8991.7,5,Atm
8992.014,5,Atm
8993.043,0,Atm
8993.27,-3,of
8993.6,-3,0?
8993.98,-3,c?
8994.66,-3d,Fe p
8997.16,0,Mg?
8998.885,-2,Atm
8999.58,3,Fe
9000.23,9,Atm
9000.72,4,Atm
9003.61,6,Atm
9003.905,6,Atm
9005.73,-1,Atm
9006.81,1,Atm
9007.1,1,Atm
9007.54,3,Atm
9007.8,0,Atm
9008.52,4,Fe-
9009.047,2,Atm
9009.835,3,Cr
9010.573,1,Fe
9011.886,9,Atm
9013.506,-1,Atm
9013.98,0,Fe
9014.92,-2NN,H
9016.08,-2,Atm
9016.736,(30),Atm
9018.09,3,Atm
9019.77,0,Fe
9020.22,-1,Atm o
9021.57,3,Cr
9022.03,0,©
9022.638,8,Atm
9024.38,2,Fe
9024.7,-1,Fe p
9025.29,0,Atm
9027.36,-1,T1
9027.89,-3NN,-T1II7p
9028.17,,c
9029.391,3,Atm
9030.31,-2,Atm
9030.75,0,Fe
9031.395,4,Atm
9032.15,-3,Atm
9034.911,1,Atm
9035.88,0,Cr
9035.907,9,Atm
9036.72,-2N,Fe
9037.76,-2N,0?
9038.79,-2N,Fe p
9040.088,2,Atm
9041.124,1,Atm
9042.28,2,Atm
9042.856,4,Atm
9047.412,2,Atm
9048.536,1,Atm
9051.07,2,Atm
9051.47,1,©
9052.974,7,Atm
9054.3,-3,Atm
9057.11,-3,Atm
9058.31,-3,Atm
9060.434,6,Atm
9061.443,7,C
9061.896,1,Atm
9062.26,1,Fc
9062.48,3,C
9062.696,5,Atm
9064.006,5d,Atm
9065.452,-1,Atm
9065.94,-3,Atm
9067.654,-1,Atm
9069.126,12,Atm
9070.416,1,Fe
9071.958,12,Atm
9073.134,1,Atm
9074.306,7,Atm
9078.28,7,C
9079.0,2,Atm
9079.413,2nl,Atm-
9079.847,7,Atm
9080.532,1Ns,Fe-
9081.307,7,Atm
9083.34,-2N,©
9084.22,-2,Fe p
9085.451,3,Atm
9086.607,4,Atm
9087.046,7,Atm
9088.391,11nl,Fe-
9089.422,3,Fc
9089.835,2,Atm
9090.34,:,Atm
9090.72,,T1
9091.47,-1N,
9092.4833,5,Atm
9093.779,5,Atm
9094.82,8,C
9095.12,1,Atm
9095.369,3,Atm
9098.47,3ns,C? Atm
9099.22,-2,Ca?p
9099.774,7,Atm
9100.521,6,Atm
9101.52,-1,Atm
9102.95,-2,©
9103.67,0,Fe
9105.399,7,Atm
9106.223,3,Atm
9106.86,0,Atm
9107.092,1,Atm
9107.398,3,Atm
9108.024,0,Atm
9108.342,4,Atm
9109.38,-2N,C?
9110.47,0,Atm
9111.14,-2N,Atm
9111.877,9,C
9112.19,-2,Fe p
9113.939,0,Atm
9114.34,-2N,©
9115.644,3,Atm
9116.26,1,Fe
9116.94,2N,Atm
9117.08,-1,Fe
9117.341,-1,Atm
9118.009,5,Atm
9118.92,15,Atm
9120.05,-3,Atm
9120.76,-1,Atm
9123.968,0,Atm
9124.262,1,Atm
9124.826,1nl,Atm
9126.612,-2,Atm
9127.115,-3,Atm
9127.831,3,Atm
9128.391,-1,Atm
9128.619,3,Atm
9129.21,-1,Atm
9129.856,3,Atm
9130.603,12,Atm
9132.443,3,Atm
9134.275,3,Atm
9134.789,2,Atm
9135.152,0,Atm
9135.998,5,Atm
9136.569,7,Atm
9137.062,5,Atm
9139.775,-1,Atm
9140.12,-3,CN
9140.457,1,Atm
9141.119,0,Atm
9142.659,1N,Atm
9143.293,-1,Atm
9143.507,-1,Atm
9144.134,1,Atm
9144.56,1,Atm
9145.646,-1,Atm
9146.16,3,Fe
9146.81,-2,Atm
9146.997,-2,Atm
9147.75,-1,Fe
9148.0,0,Fe
9148.645,Onl,Atm
9150.046,4,Atm
9150.8,:,Atm
9151.719,2,Atm
9152.067,a,Atm
9152.606,8d,Atm
9153.18,7,Atm
9154.122,-1N,Na?
9155.3,5,Atm
9155.69,8,Atm
9155.98,1,0?
9156.26,0,Fe p
9156.75,3,Atm
9156.93,-1,Fe
9157.68,-3,Atm
9158.01,-3,Atm
9158.694,-3N,Atm
9159.84,-2,Atm?
9160.091,4,Atm
9160.904,4,Atm
9162.23,-2,Atm
9162.589,inl,Atm
9163.859,1,Atm
9164.196,1,Atm
9164.57,1,Fe
9166.39,-3,Fe?
9167.293,0,Atm
9167.926,5,Atm
9168.769,2,Atm
9169.353,3,Atm
9170.17,-3,C?
9170.672,-1,Atm
9171.02,-2,Atm
9171.55,-2,Atm
9171.76,-1,Atm
9172.484,3,Atm
9172.892,2,Atm
9173.12,-2,Fe p
9173.73,-1,Fe
9174.12,15,Atm
9174.34,4,Atm
9174.82,-2,Atm
9175.249,5,Atm
9176.02,-2,Atm
9176.48,-3,Atm
9176.898,7,Atm
9178.5345,3,Atm
9179.294,-2,Atm
9181.203,3,Atm
9182.063,-1,Atm
9183.461,2d?,Atm
9184.402,7,Atm
9184.965,7,Atm
9186.476,ON,Atn
9187.237,-3,Atm
9187.81,-3,Atm
9188.346,-3,c
9190.208,3,Atm
9191.598,1,Atm
9192.568,5,Atm
9193.45,-3,Atm
9195.368,9,Atm
9196.017,5,Atm
9197.37,-3N,At.r?
9198.5,-3,of
9199.1,1,Atm
9199.39,-2,Fe
9200.23,-3,07
9200.55,-3,0?
9200.87,-3,Atm
9201.97,-3N,07
9203.21,-3d?,Fe p
9204.445,-1,Atm
9205.584,3,Atm
9206.836,2,Atm
9207.856,2,Atm
9208.31,0,Cr?
9208.598,2,Atm
9209.427,-3,Atm
9210.036,3,Fe
9210.72,-3N,Atm
9212.838,5,Atm
9213.74,-3,Atm
9214.649,7nl,Atm
9215.555,-1,Atm
9217.015,2,Atm
9217.276,7d,Atm
9218.251,3,MgII p
9219.54,-3N,Atm
9220.41,-3,©
9222.015,3,Atm
9223.99,-1,o
9224.53,-2Nd?,o
9225.0063,6,Atm
9225.49,-3,Fe
9226.46,-3,©
9227.37,-3,
9228.101,61,S
9228.659,1,Atm
9229.601,1,Atm
9230.504,1,Atm
9231.01,-2,Atm
9231.37,-3,Atm
9231.76,-3,Y?-
9232.75,3,Atm
9233.18,-2,Atm
9234.79,4,Atm
9235.2,-1,C
9235.73,-1,C
9235.98,-3,©
9236.55,-3,©
9237.23,0,Atm
9237.56,6,S
9238.1,4,Atm
9238.918,3,Atm
9239.076,2,Atm
9239.43,-3,Atm?
9239.85,-1,Atm
9240.38,0,Atm
9240.77,-3N,Atm ©
9242.26,1,Fe
9242.94,1,Atm
9243.22,0,Atm
9244.25,ONN,MgII p
9244.41,1,Atm
9244.85,2,Atm
9245.14,-2,Atm
9245.6,-2,o
9245.83,-2,©
9246.31,6,Atm
9246.5,1,Fe
9247.19,-3,©
9248.1,-3,Fe p
9248.76,0,Fe p
9249.5,3ns,Atm
9251.1,6,Atm
9252.412,0,©
9253.06,0,Atm
9253.71,3,Fe?p
9254.347,1,Atm
9255.16,0,Atm
9255.79,10N,Mg
9256.78,-1,Atm
9257.06,-1,Atm
9258.28,3,Fe
9259.063,3,Fe
9259.44,-2,Atm
9260.369,5,Atm
9260.58,-3,Atm
9260.98,0,Atm
9261.579,0,Atm
9262.269,2,Atm
9262.76,ON,O
9263.123,0,Atm
9263.64,-2,©
9263.93,0,Atm
9265.96,2N,o
9266.203,3,Atm
9267.14,-2,Atm
9267.39,-3,Atm
9268.65,-3,Atm
9269.06,0,Atm
9269.33,0,©
9270.03,-1,Atm
9270.8,-1N,c?
9271.37,-2,o
9272.24,0,Atm
9273.08,6d,Atm ©
9274.24,-1,Atm
9275.072,2,Atm
9275.7,-2,Atm
9276.21,-3,Atm?
9276.83,1,Atm
9277.507,2d?,Atm
9278.32,-3,Atm?
9278.826,9,Atm
9279.736,2,Atm
9280.116,3,Atm
9280.79,-2N,Atm
9281.85,0,Atm
9282.18,0,Atm
9282.69,a,Atm
9283.36,-1N,07
9283.98,-1,Atm
9284.24,-1,Atm
9284.92,8,Atm
9285.34,-2,Atm?
9285.617,0,Atm
9286.453,5,Atm
9286.823,3,Atm
9288.0,-1,Atm
9288.45,-1,Atm
9288.63,-1,Atm
9288.937,1,Atm
9289.44,-1,Fe p
9289.856,2,Atm
9290.468,2,Cr
9290.88,-3N,Atm
9291.364,7,Atm
9292.698,1,Atm
9293.14,3,Atm
9293.47,-3,Atm
9294.06,-3,Cr
9294.447,3,Atm
9294.659,1N,Fe
9295.021,3,Atm
9295.257,3,Atm
9296.42,0,Atm
9297.14,1,Fe p
9297.69,4,Atm
9297.97,1N,Fe p
9298.22,0,Atm?
9298.64,1,Atm
9300.306,5,Atm
9300.579,3,Atm
9301.06,5,Atm
9301.91,5,Atm
9302.67,-1,Atm
9303.3,-3,Atm
9303.85,10,Atm
9304.598,5,Atm
9305.38,-2N,Atm
9306.23,0,Atm
9307.22,4,Atm
9308.08,(25d?),Atm
9308.84,2,Atm
9309.62,(40),Atm
9310.88,-3,Atm
9311.734,6,Atm
9312.657,Ons,Atm
9314.006,4,Atm
9315.13,15,Atm
9316.15,,
9316.73,(75),Atm
9318.22,1,Fe
9319.06,(30),Atm
9320.16,-1,Atm
9320.768,7,Atm
9321.65,0,Atm
9322.5,9,Atm
9323.12,15,Atm
9324.2,12,Atm
9325.3,(60),Atm
9326.66,-3,Atm?
9327.79,(25),Atm
9328.38,-1,Atm
9328.71,2,Atm
9329.85,-1N,Atm
9330.456,5,Atm
9331.02,-2,C?
9331.477,15,Atm
9333.57,(50),Atm
9334.58,(40),Atm
9335.39,-1,Atm
9335.63,1,Atm
9336.02,8,Atm
9336.52,1,Atm
9337.184,9,Atm
9337.8,2,Atm
9338.47,12,Atm
9339.43,(50),Atm
9341.478,-2,Atm
9342.45,(150),Atm
9344.0,,
9345.5,(50),Atm
9346.41,4,Atm
9346.79,2,Atm
9346.99,3,Atm
9347.582,1,of
9348.382,a,Atm
9349.22,ON,Atm? C?
9350.451,9,Atm
9351.97,O,Atm
9353.0,,
9353.6,(100),Atm
9354.4,,
9355.19,4,Atm
9356.52,3N,Atm?
9357.5,(100),Atm
9359.39,1,Fe
9360.15,-1,Atm
9360.61,0,Atm
9361.2275,6,Atm
9361.85,O,Atm
9362.31,ins,Cr?-
9363.3348,3,Atm
9364.08,-3,
9364.85,(40),Atm
9366.41,(50),Atm
9367.32,3,Atm
9368.17,-1,o
9368.62,-2,Atm?
9369.53,(60),Atm
9370.12,1,Atm
9371.57,(100),Atm
9372.86,2,Fe
9373.14,3,Atm
9374.28,1,Atm
9375.24,8,Atm
9375.68,ON,Atm?
9376.3,-1N,Atm?
9377.05,O,Atm
9377.63,(75),Atm
9379.552,15,Atm
9381.18,(80),Atm
9382.18,5,Atm
9382.98,-1,Fe
9383.423,-1,Fe p
9383.583,6,Atm
9385.34,-2,Atm
9385.77,-2,N1-
9386.83,(50),Atm
9387.82,7,Atm
9390.79,2nl,Atm
9391.763,8,Atm
9392.18,ON,Atm?
9392.8,-1,Fe p
9393.04,-3,CN
9393.41,ON,S1
9393.89,-1,07
9394.241,2,Atm
9394.472,3,Atm
9396.261,3,Atm
9396.68,-3,N1
9396.9,-3,of
9397.57,-2,
9399.03,(30),Atm
9400.094,7,Atm
9401.14,1N,Fe
9401.621,8,Atm
9402.61,3,Atm
9403.27,1,FeII p
9403.73,3,Atm
9404.48,2,Atm
9404.9,1,Fe p
9405.36,0,Atm
9405.74,5N,C
9405.95,1,Atm
9406.3,-1,Atm
9406.904,8,Atm
9407.99,-3,07
9409.042,8,Atm
9409.59,-3NN,Fe p
9410.37,(50),Atm
9411.31,2,Atm?
9411.84,o,Atm
9412.66,2,Atm
9413.512,4,Atm
9414.08,3,Atm
9414.95,10N,Mg
9416.01,-1N,Atm?
9416.76,2,Atm
9417.65,(50),Atm
9419.28,-2,Atm
9420.75,3,Atm
9421.824,(30),Atm
9423.14,-3,Fe p
9424.75,-1,Atm
9425.02,-2,©
9426.26,ONN,
9428.2,(60),Atm
9429.79,-2,Atm?
9430.0,-2,Fe
9430.06,O,Atm
9430.62,(40),Atm
9431.27,-2,Atm?
9431.58,-3,Atm?
9431.9,-2,Atm
9432.1,-2,Atm
9432.73,O,Atm OF
9433.34,-3,Fe p
9434.04,-3,Atm
9434.78,1NN,Mg?p
9436.86,(70),Atm
9436.94,-1N,Atm
9437.82,(50),Atm
9438.73,-1N,Atm
9440.85,(80),Atm
9442.415,5,Atm
9443.35,(50),Atm
9443.78,1,Fe
9444.4123,5,Atm
9444.95,O,©
9446.01,15,Atm
9447.03,3,Cr
9448.09,-3,Fe
9449.173,4,Atm
9449.75,-1N,Atm
9450.32,6,Atm
9451.35,-2,©
9451.89,-3,Atm
9452.64,-1,Atm
9453.12,-2,
9454.1,12,Atm
9454.66,12,Atm
9456.1,(50),Atm
9456.9,4,Atm
9457.84,-2,Atm
9458.69,-2N,Atm
9460.02,(50),Atm
9461.12,(60),Atm
9462.94,2,Fe
9463.992,3,Atm
9464.81,4,Atm
9465.48,8,Atm
9465.98,-2,Na
9467.065,3,Atm
9467.796,4,Atm
9468.67,9,Atm
9469.416,(30),Atm
9470.46,8,Atm
9471.513,-3,Atm
9472.4183,1,Atm
9472.98,0,Atm
9473.19,-1,Atm
9474.12,3,Atm
9474.42,6,Atm
9475.05,4,Atm
9475.37,4,Atm
9475.99,5,Atm
9476.23,-1,Atm?
9476.754,4,Atm
9476.92,-2,Atm?
9478.36,-3,Atm?
9478.8848,O,Atm
9479.09,-1,©
9480.16,(50),Atm
9481.18,,
9481.8,(100),Atm
9482.38,,
9482.9,-3,Fe?p
9483.14,-3,
9483.9708,1,Atm
9485.02,1,Atm
9485.4,0,Atm
9486.0428,7,Atm
9486.88,a,Atm
9487.41,7,Atm
9489.11,-3,0?
9489.796,3d,Atm
9491.0,-3,Atm?
9491.526,a,Atm
9492.97,1,Atm
9493.41,8,Atm
9494.26,(50),Atm
9495.5,-1N,07
9496.17,-2,Atm
9496.6,O,Atm
9497.43,(35),Atm
9498.785,a,Atm?
9499.318,4,Atm
9499.699,5,Atm
9501.15,(100),Atm
9502.72,-3N,Atm?
9503.26,0,Atm
9504.4348,3,Atm
9505.634,6,Atm
9506.02,1,T1
9506.71,-2,Atm
9507.742,1,Atm
9508.36,-1,Atm
9508.774,1,Atm
9509.27,-2N,Atm
9510.23,-3N,Atm
9510.758,6,Atm
9511.18,-3,Atm
9512.63,5,Atm
9513.23,1,Fe
9513.594,3,Atm
9513.76,4,Atm
9514.478,6,Atm
9516.26,4,Atm?
9517.04,(60),Atm
9518.0,4,Atm
9519.32,(20),Atm
9520.03,3,N1
9520.54,a,Atm
9522.35,(60),Atm
9523.566,3,Atm
9525.102,(20),Atm
9526.87,1,Atm
9527.524,5,Atm
9528.47,15,Atm
9528.83,a,Atm?
9529.44,8,Atm
9531.226,3,Atm
9531.726,4,Atm
9532.4,-3,Atm
9533.4118,4,Atm
9534.24,3,Atm
9534.8,1,Atm
9535.2,-3,Atm?
9535.95,-3,Atm
9536.05,(50).,Atm
9537.17,-3,Atm
9538.33,7,Atm
9538.532,3,Atm
9539.88,-2N,Atm
9540.9,15d,Atm
9541.23,-3,
9541.54,-3,
9542.29,-3N,Atm
9543.24,-1N,
9544.06,(60),Atm
9545.84,6,Atm-
9546.57,3,Atm
9547.08,O,Atm 07
9547.39,-3,Zr
9548.6,-1,©
9548.77,9,Atm
9549.9588,2,Atm
9550.34,1,Atm
9550.9628,a,Atm
9552.04,-2,Atm
9552.63,-3,07
9553.41,(25),Atm
9553.95,3,Atm
9554.44,9,Atm
9555.38,-3,
9556.053,9,Atm
9556.4,-2,
9557.28,(50),Atm
9558.4,4,Atm
9558.8368,a,Atm
9559.66,-3,Atm
9560.51,-4,Atm
9560.68,-3,Atm
9561.09,-3,Atm? of
9561.86,-3,of
9562.456,4,Atm
9562.744,5,Atm
9563.87,9,Atm
9565.06,(25),Atm
9566.59,(40),Atm
9567.8,-3,Atm
9568.23,-3,Atm?
9568.647,,
9568.786,(30),Atm
9568.987,,
9569.93,a,Fe
9570.32,3,Atm
9570.95,a,Atm
9571.32,6nl,Atm
9572.56,-3,Fe
9572.811,1,Atm
9573.19,-3,
9573.65,-3N,Fe P
9574.29,3,Cr
9574.91,0,©
9575.6808,3,Atm
9576.48,-1N,©
9577.036,6,Atm
9578.89,-3,Atm
9579.26,a,Atm
9580.0,(25)d,Atm
9581.09,(25),Atm
9581.8,7,Atm
9582.86,-3N,Atm?
9583.587,1,Atm
9584.2,-3,©
9584.71,1,Atm
9585.7,-2,Atm
9585.934,3,Atm
9586.36,-2,Atm
9587.1268,5,Atm
9588.54,15,Atm
9589.1,10,Atm
9589.52,4,Atm
9590.31,10,Atm
9591.22,10,Atm
9591.95,5,Atm
9592.52,10,Atm
9594.17,6,Atm
9594.79,7,Atm
9595.96,-3,©
9596.423,3,Atm
9596.96,-1,07
9597.608,5,Atm
9597.974,5,Atm
9598.87,7,Atm
9599.51,ON,Atm
9599.78,-3,Atm?
9600.35,0,Atm
9600.53,0,Atm
9601.17,3,Atm
9601.5,-3,Atm
9602.05,-3,Fe
9603.143,4Nd,CO
9603.49,1,Atm
9604.56,4,Atm
9605.2,12,Atm
9606.171,6,Atm
9607.24,-3,
9607.888,3,Atm
9608.224,3,Atm
9608.93,-3,Atm
9609.42,-3,Atm
9610.047,9,Atm
9610.61,2,Atm
9611.3,-3N,Atm?
9611.66,,V
9612.18,-3,07
9612.56,-3,Atm
9613.36,-3,Atm?
9614.048,3,Atm
9615.0,6,Atm
9615.45,4,Atm
9616.27,-3,Atm
9618.1,8,Atm
9618.51,0,Atm
9620.03,7,Atm
9620.98,3N,C
9621.2,10,Atm
9622.32,-2,Atm?
9622.706,9,Atm
9624.496,3,Atm
9625.322,1N,Atm
9625.77,3,Atm
9628.14,2,Atm
9628.67,a,Atm
9629.18,ON,©
9629.35,-1N,©
9629.997,1,Atm
9630.38,-2,o
9631.03,-2,o
9631.87,-3,o
9633.08,-2,o
9633.488,2,© Atm?
9634.17,1,Fe
9634.74,0,o
9635.41,0,CN
9635.81,2,Atm
9636.11,1,Atm
9636.36,10nl,Atm
9636.41,2,Atm
9636.8,1,
9637.49,(25),Atm
9638.39,a,T1
9640.172,3,Atm
9640.519,,
9640.632,4,Atm
9642.01,-3N,Atm?
9643.1058,3,Atm
9645.12,15,Atm
9645.55,10,Atm
9646.486,9,Atm
9647.34,0,T1
9648.23,-3,Atm
9648.661,3,Atm
9649.487,1,Atm
9650.226,0,Atm
9650.85,-1,Atm
9651.932,2,Atm
9652.24,-3,Atm?
9652.84,4,Atm
9653.14,2,Fe
9653.44,-3,Atm
9653.78,-3,0?
9654.2,-3,Atm
9654.662,4,Atm
9655.86,-1,Atm
9656.203,0,Atm
9657.331,5,Atm
9658.4,8N,-C
9659.07,-1,Fe
9659.729,4,Atm
9660.878,5,Atm
9661.73,-1,Atm
9662.31,(25),Atm
9662.97,-1,Atm
9663.26,1,Atm
9663.95,0,Atm
9664.646,6,Atm
9664.97,-3,Atm
9666.54,-1,Atm
9666.71,-1,Atm
9667.048,1,Atm
9667.316,1,Atm
9668.238,1N,Atm
9669.57,=3,of
9669.96,4,Atm
9670.61,10,Atm
9672.32,-3,
9672.82,-3,©
9673.73,-3,07
9674.41,-3,Atm?
9675.27,-3,Atm?
9675.571,4,T1
9676.16,-1,Atm?
9676.96,-3,
9680.383,15,Atm
9681.0,1,Atm
9681.74,2,Atm
9682.44,-3,Atm
9682.7,-3,©
9684.16,ON,Atm
9685.79,-2N,10 Atm?
9686.386,3,Atm
9687.23,-2,
9688.04,-3,Atm
9688.644,inl,Atm
9688.87,,T1
9689.37,a,S1
9690.172,-1,Atm
9691.87,5,Atm
9692.24,-3,0?
9693.62,-3N,Atm
9693.98,-3N,
9694.588,0,Atm
9694.872,0,Atm
9695.35,-3,
9695.83,-3,
9696.31,-3,
9697.24,-3N,Atm
9698.313,4,Atm
9699.75,1,Atm
9700.139,2,Atm
9700.83,-3,Atm
9701.428,10nl,Atm
9705.366,0,Atm
9705.679,0,T1
9706.0,-2,©
9706.8,-1,©
9708.922,6,Atm
9710.68,-3,Atm
9712.53,-3,Atm
9712.78,-3,Atm
9714.0,-3,
9715.31,12,Atm
9716.54,-3,Atm
9716.8,-3,T1
9718.92,-3,T1
9719.72,-2,Atm
9720.48,-3N,Atm
9720.78,-3N,Atm
9721.8,-3,o
9722.28,-3,
9723.167,5,Atm
9723.65,-3,At.n?
9724.576,4,Atm
9726.27,-3,Atm
9726.7,-1,Atm
9727.19,-3,
9727.72,-1,Atm
9727.94,-1,Atm o?
9728.55,-1,Ti
9729.04,-3N,Atm
9730.6383,4,Atm
9731.32,-3,Atm
9732.1,-3,
9733.11,-3,Atm?
9734.59,1,Atm
9735.004,7,Atm
9736.36,3,Atm
9736.78,3,Atm
9737.22,1,Atm?
9737.86,1,©
9738.529,5,Atm
9739.1,-3,Atm
9739.74,-3,Atm
9740.63,-3N,Atm
9741.73,-1,Atm
9743.5,6d?,Atm-
9745.05,-2N,Atm
9746.56,-3,Atm
9746.9,,T1
9747.26,-3,Fe
9747.84,-3,Atm
9749.322,12,Atm
9752.72,-3,Atm
9753.1,-3,Fe
9753.825,8,Atm
9755.28,-1nl,Atm o
9755.979,0,Atm
9757.04,-3,
9757.704,9,Atm
9758.58,0,Atm
9759.26,-3,Atm
9761.81,3,© Atm
9762.86,10d,Atm
9763.32,3,Fe
9763.86,-1N,Fe
9764.13,-1N,Atm?
9764.37,-3,Fe p
9765.4953,4,Atm
9768.33,-1N,S1
9768.637,2,Atm
9770.3,-3,T1
9771.07,-3,Fe p
9771.54,-3,
9772.16,-3,Atm 07
9773.887,4,Atm
9774.43,-3,Atm
9775.31,-3,Atm
9776.04,-3,Atm
9776.818,3,Atm
9777.34,-3N,©
9777.71,-3,©
9778.19,-3,©
9778.82,-3,Atm 0?
9779.406,5,Atm
9779.78,0,©
9781.15,-1,C
9781.48,-2,©
9783.23,-3N ),Ti
9783.403,9,Atm
9783.59,,T1
9783.93,-3,Fe
9785.2,-3N,
9785.96,-3N,Atm
9786.66,-3,Fe
9787.146,3,Atm
9787.67,-3,T1
9788.95,-2,Atm
9789.43,-2,Atm
9789.95,-3,
9791.006,7,Atm
9791.39,-3,Atm?
9792.71,0,Atm
9793.354,8,Atm
9794.56,-3,©
9795.288,1,Atm
9796.08,-3,
9796.73,-3,P
9797.72,-3,Atm
9798.3,-3,Atm
9799.4763,7,Atm
9800.29,-1,Fe
9800.8,-3,Fe p
9801.699,9,Atm
9802.04,-3,07
9803.241,3,Atm
9803.98,-3,o
9805.21,0,Atm
9806.23,ON,Atm
9807.35,-3,
9808.08,-3,Atm
9808.559,-1,Atm
9810.263,-2,Atm
9811.47,-3,Fe
9812.238,0,Atm
9813.461,3,Atm
9815.626,0,Atm
9816.13,-2,Atm
9816.569,-1,Atm
9817.715,3,Atm
9818.6,-3,Atm
9821.7545,3,Atm
9822.36,,Zr
9823.72,-2d,Atm
9824.776,3,Atm
9825.521,5,Atm
9826.403,2,Atm
9830.913,0,Atm
9831.9603,4,Atm-
9832.97,-3,©
9834.12,1,Fe
9835.758,1,Atm
9837.13,-3N,
9837.71,-3N,
9838.49,-3,Atm
9839.36,1,S1
9840.092,-1,Atm
9841.45,-3,Atm
9842.593,3,Atm
9843.978,a,Atm
9844.94,-3N,© Atm
9845.99,-3,Atm
9847.58,-2,Atm
9848.893,3,Atm
9849.119,0,Atm
9850.524,-1,Atm
9854.65,1N,o
9856.59,-3,Atm
9856.95,-3,Atm
9857.29,-2,Atm
9861.746,1,Fe
9864.36,-2N,
9865.522,0,Atm
9867.81,-3,
9868.12,ON,Atm
9868.89,-2,Atm?
9870.278,0,Atm
9871.33,-3,©
9872.25,-3N,
9873.638,4,Atm
9873.912,0,Atm
9874.61,1N,07
9878.2003,1,Atm
9878.53,-1,
9879.71,-1N,Atm
9880.81,-2,
9881.54,0,Fe
9882.59,-3,
9884.51,0,Atm
9885.41,-3,
9885.99,-1,
9887.05,1,S1
9888.0,1,o
9889.0503,5,Fe
9890.67,3ns,o
9892.8,-3,
9893.72,-3,
9894.11,O,Atm
9894.87,1,Atm
9896.18,ON,Atm
9897.43,1,Atm
9898.13,ON,
9898.965,5,Atm
9899.45,-2,
9899.81,1,
9900.8,1,Cr?
9901.68,1,CN
9903.69,-3N,P?
9905.17,1N,
9907.83,-3,
9908.4,3,Atm
9910.27,o,0?
9910.84,O,C?
9911.88,-1N,07
9913.19,2,S1
9913.76,-2,Atm?
9915.39,1,
9916.42,-2,
9919.35,ON,07
9920.27,1,Atm
9920.54,-1,Fe p
9922.23,-3,
9922.88,-1,Atm
9923.54,-3,T1
9924.41,O,Fe p
9925.17,-3,
9926.37,5,Atm
9926.79,O,Atm
9927.2,-2N,©
9927.47,-2N,T1
9929.0,1N1,07
9929.8,-3,©
9930.49,ON,©
9931.45,3ns,©
9932.65,-3N,07
9934.44,O,©
9935.82,-2,
9937.09,-3N,Fe P
9939.47,-2,
9940.06,-2,
9941.46,2N,(T1)
9943.08,-3,
9943.57,-3,
9944.22,3,Fe
9946.38,-3,
9948.52,-1,
9949.05,-2,T1
9949.88,-1,S?
9950.62,O,Fe p
9951.19,o,Fe P
9952.0,-1,
9953.51,-1,Fe p
9954.42,-3,
9955.61,-1,
9955.89,-1,Fe P
9956.97,o,
9957.69,-2,
9959.22,-2N,Fe?p
9961.38,ON,Na
9964.22,-3,
9964.59,-2,
9965.84,-3,
9967.3,3ns,-Fe p
9969.19,1NN1,S1?
9970.23,-2,Fe p
9970.8,-3,
9973.33,-2,
9974.64,O,07
9975.84,-2,
9977.1,2,Atm
9977.69,-1,Fe
9978.9,-3N,
9979.5,-3,
9980.48,2,Fe
9981.15,-3N,T1?
9982.03,-1,©
9983.23,-1,©
9984.18,1,Atm
9986.49,3,©
9987.22,-3,
9988.29,-3,
9988.96,O,o
9993.17,5N,Mg?
9994.94,2N,©
9996.12,-2,
9997.665,2,©
9997.87,,T1
9999.21,2N,o
10001.31,-1,Si?p
10002.49,-1,
10003.19,-3,T1
10006.81,-3,
10008.72,ON,o
10010.12,-2,
10010.6,-2,
10011.65,-3,T1
10012.21,-2,Fe p
10013.93,-1,
10015.72,-3,
10016.76,a,Fe p
10016.92,4,Atm
10017.48,-3,
10018.65,2,Atm
10019.81,o,Fe p-
10020.84,-2,
10021.67,2,Atm
10022.24,-1,Fe p
10022.74,-1,07
10023.52,a,Atm
10025.86,2N,S1 p
10028.39,-1,
10031.81,-2,
10032.24,-2,
10032.89,o,Fe p
10034.51,-2,T1
10035.78,-2,
10036.67,5,SrII
10037.12,a,Atm
10037.91,-2,
10039.33,-3N,
10040.18,-3,
10040.33,-3,
10041.58,3ns,c Atm
10045.1,-3,
10048.3,-3,
10048.9,,T1
10049.27,(50NN),H
10051.37,-3N,
10053.33,3,Atm
10054.18,-2,
10055.15,-2,
10056.12,-2,
10057.11,-3,
10057.68,2,T1
10058.36,-3,Fe p
10059.0,1,Atm
10059.81,-3,T1
10061.37,-2,N1
10063.49,-2,
10064.05,-1,
10065.07,8,Fe
10066.21,-2n,-T1
10067.27,-3,
10068.39,2,S17
10069.66,1,
10070.58,-2,Fe p
10071.86,1,Fe
10073.53,-2,
10075.63,-3,
10077.665,3,Atm
10078.64,-2,Co?
10079.08,-1N,
10080.43,-1,Cr?-
10081.43,o,Fe p
10081.87,o,Atm
10084.41,o,Fe p
10085.21,-2,©
10086.31,-1,Fe p
10087.14,3,Atm
10088.31,-3N,
10089.21,-2.,
10089.67,ON,©
10091.43,3nl,Atm of
10092.15,-2,
10092.745,3,Atm
10093.47,-2,
10094.91,1,0? Atm
10097.59,1,
10098.6,-1,o
10099.89,1,Atm
10103.47,-2,
10105.77,ins,
10109.87,-3,
10111.69,-2,
10111.93,-3,
10113.28,-2,N?
10114.06,1,Fe
10114.75,-3,
10115.34,o,Atm
10116.51,-3,
10117.74,-3,Fe P
10118.995,3,Atm
10120.48,-2,o
10121.2,,-Ti
10123.895,8,
10124.83,-2N,
10128.3,-1N,
10129.38,o,
10135.06,-3,
10137.14,-1,Fe p
10138.17,-3,
10140.66,-2,
10141.09,-1,
10142.1,-2,
10142.85,O,Fe
10143.48,-3,Fe p
10145.03,-3,Feip
10145.58,9,Fe
10149.13,-3,Fe p
10149.84,-3,©
10152.36,-3,
10153.096,3nl,S1 p
10154.67,-3,
10155.19,1,Fe p
10156.16,o,S1
10156.56,o,Fe p
10161.97,-3,
10165.56,o,
10166.94,-2,
10167.5,2,Fe
10170.58,-3,T1
10172.095,a,Atm
10173.52,-2,
10179.87,-1,T17
10183.58,-1,
10189.26,-3,T1
10190.7,a,O?
10191.12,1,0?
10191.5,3,Fe?p
10193.245,4,N1
10194.24,-3d?,
10195.12,2,Fe
10198.43,-2,
10201.08,-1,
10202.32,-2,
10210.19,-1Nd?,
10212.52,-3,
10213.49,-2,
10214.45,0,07
10214.67,0,c?
10216.335,10,Fe
10217.77,-3,
10218.415,3,Fe
10222.09,-3,
10225.15,-3,
10230.8,1,C
10232.22,-3,
10232.71,ON,©
10234.3,-3,C?
10235.03,-1,c
10236.045,2,© Atm
10237.26,3,Atm
10239.37,-3,
10241.39,-2,©
10243.0,-3,
10243.74,0,C
10244.52,-2,
10247.04,,C
10249.14,-3,
10250.13,-2,C
10252.57,-1,C
10254.36,,C
10254.94,0,
10258.28,-3,
10260.2,-2,
10262.52,-2,Si?p
10265.22,-2,Fe ?
10270.23,1,Atm
10271.24,-3,
10272.95,1,C? Atm
10277.31,-1,©
10283.34,0,o Atm
10283.87,-2,Fe p
10285.05,-3,
10288.95,6,S1
10291.69,-3,
10295.1,-3N,N1
10295.41,-3,
10297.1,-2,
10297.64,-2,©
10299.32,-3,
10301.44,0,Siip
10302.62,2,N1
10305.28,-3N,
10306.73,-3N,
10307.46,-3N,Fe p
10311.96,-1,Fe p
10312.55,-1,c
10313.15,-1,C?
10315.56,,©
10321.06,-2,N17
10326.64,2,Atm
10327.36,7,SrII
10327.93,1ns,©
10330.22,2,N1
10331.2,-2,
10331.59,-3,
10332.36,-1,Fe p
10333.21,-1,Fe p
10340.9,3,Fe
10343.84,8,Ca
10345.17,-3,Fe?
10347.975,3,Fe
10351.11,-3,
10353.82,2,Fe
10362.72,-1,Fe p
10364.05,0,Fc p
10364.28,,
10365.08,-3N,
10366.0,-3,
10368.52,,C
10371.285,9,S1
10373.7,-2,Ca?p
10378.62,3 ),N1
10379.04,-1,Fe p
10381.59,,©
10388.77,-2,Fe p
10391.14,-2,
10392.18,-3,
10395.795,4,Fe
10396.41,-2,
10396.81,2,T1
10397.57,-2,
10406.98,2N,©
10414.89,-2,
10423.04,2,Fe
10423.76,2,Fe
10427.3,0,©
10434.06,-1N,
10435.36,ON,Fe p
10448.89,-2Nd?,
10450.83,-3,
10452.756,3,Fe
10453.85,-2,
10454.43,-2,
10455.455,8,S
10456.753,4,S
10459.436,7,S
10460.08,,T1
10465.1,-2,
10469.68,7,Fe
10486.289,3,Cr
10487.3,-3,
10496.17,3,T1
10497.64,-3,
10501.549,2,©
10505.75,-2,
10510.05,-1,Cr
10511.631,-1N,P
10512.962,1,
10513.82,-3N,
10514.68,-3,
10515.54,-3,
10516.2,-1,
10517.59,-2,
10529.59,1N,P
10530.558,2d,N1
10531.27,-3,Atm
10532.236,4,Fe
10535.702,2N,o
10541.25,ON,
10542.51,-3N,
10546.4,-2,
10551.37,-2,
10553.02,,T1
10554.95,-2,
10555.7,O,Fe p
10557.48,-2,
10558.33,-2,
10566.1,,T1
10577.151,1,Fe p
10577.86,-3N,
10580.61,-3,
10581.538,1,P
10582.155,2,S1
10584.36,-3,Atm O₂
10584.77,O,T1
10585.137,12,Si
10586.13,-3,
10587.73,-3,
10594.37,-3,
10596.9,-2,P
10603.426,10,S1
10605.71,-3,
10607.76,,T1
10608.43,-3,Atm O₂
10611.669,3,o
10612.53,-3,
10614.64,-3,
10616.73,1,Fe p
10619.19,-3,
10620.07,-3,Atm O₂
10620.91,ON,o
10622.64,-1,
10625.07,O,©
10627.63,8,S1
10632.23,-3,Atm 03
10633.55,-3N,Atm O₂
10635.981,1,o
10637.28,-3,Atm O₂
10639.45,-3,Atm O₂
10642.64,-3,
10643.85,O,Atm O₂-
10644.42,o,Atm O₂-
10646.09,-2N,Atm O₂
10647.65,-1,Cr
10648.05,-1,Atm?
10650.52,-1,Atm 0₂
10652.37,-2,Atm O₂
10656.05,-2N,Atm O₂
10656.38,-2N,Atm O₂
10658.65,-3N,Atm O₂
10660.99,10,S1
10661.63,0,T1
10667.48,2,Cr
10668.81,-3N,Cp
10670.98,-3,
10672.22,0,Cr
10673.32,2ns,Atm 07
10674.09,-1,©
10674.56,-39,
10675.45,-1,Atm O₂
10676.47,-2N,Atm O₂
10677.01,-1,T1
10677.97,-1,Atm O₂
10679.49,2,
10679.94,-2,
10680.9,-3,
10681.46,-3,P
10683.09,10,C
10684.4,0,Atm O₂
10685.36,8,C
10687.76,-3,
10688.72,-3,
10689.71,8,S1
10691.24,12,C
10691.84,3,Atm
10694.25,8,S1
10695.83,0,Atm
10698.79,-1,Atm O₂
10699.52,3,Atm
10704.08,-2,
10705.86,-3,Atm O₂
10707.36,8,C
10708.61,-1,
10712.05,-1,Atm O₂
10714.23,-3NN,
10716.37,1,Atm
10718.08,1,©
10719.9,-3,Atm O₂
10720.81,3,Atm
10723.04,3,Atm
10725.2,0,Fe p
10725.66,-3,
10726.36,,T1
10726.45,-3,o
10726.79,-1,Atm
10727.42,9,S1
10728.49,-2,
10729.588,7,C
10730.63,,o
10731.47,,o
10732.81,-1N,T1
10737.57,0,Atm
10739.39,-3N,Atm?
10741.8,ON,o
10743.47,6,Atm
10744.67,5,Atm
10746.2,1,Atm
10749.39,12,S1
10752.42,-3,
10753.04,0,Fe?-
10754.02,0,Cp
10754.66,-3,Atm?
10760.42,-1N,Atm?
10761.48,2,Atm
10762.29,-3,N1?
10766.4,-3,
10767.31,-3N,o
10768.79,2,Atm
10770.4,-3N,C
10771.74,1,Atm
10771.96,6,Atm
10772.86,4,Atm
10774.85,,T1
10775.49,-3,
10779.17,2,Atm 0?
10780.69,-2N,Fe p
10781.95,-1N,Atm-
10782.49,-3,
10783.07,1,Fe
10784.57,3,S1
10785.5,-a,©
10786.85,7,S1
10789.48,-2N,©
10791.39,-2,o
10792.17,1,Atm
10795.15,2,Atm
10796.11,-1,S1
10797.2,-2,Atm? o
10799.58,10,Atm
10801.32,-2,Cr
10803.69,3,Atm
10806.43,2,Atm
10807.38,-3,
10809.1,ONN,
10809.32,-3,
10810.89,7,Atm
10811.14,5N,Mg
10812.16,0,Atm
10814.48,-3N,Atm?
10816.03,1N,Atm of
10816.9,-3Nd?,Cr
10817.68,-1,Atm
10818.31,1,Fe
10820.39,,T1
10821.64,-1N,Cr-
10822.25,0,Atm?
10824.0,-3,Atm
10827.14,12,S1
10830.38,5NN,He
10832.12,10,Atm
10833.47,-3,Ca-
10834.02,5,Na
10834.99,-1,o
10836.64,-3N,
10837.6,-3,Atm?
10838.07,3,Atm
10839.03,0,Ca-
10839.58,-3d?,Atm?
10840.14,-3,o
10840.84,3,Atm?
10841.65,,o
10843.23,4,Atm
10843.88,5,S1
10845.43,-3,Atm
10846.8,-1N,©
10849.47,3,Fe?
10850.32,1,Atm
10851.34,1,Atm
10852.82,0,Atm
10857.3,6,Atm
10858.36,-1,©
10859.93,3,Atm
10860.07,10,Atm
10861.66,-3,Atm
10862.67,-3,Atm
10863.5,3,Atm
10868.09,4,Atm
10868.82,2,©
10869.23,2,Atm?
10869.57,4,S1
10871.68,-3N,
10872.94,-2N,
10874.93,2,Atm
10876.28,0,Atm
10879.76,-3,Ca
10880.55,-3,
10881.85,-2,Fe
10882.03,3,Atm
10882.84,3,S1
10884.31,1,Fe
10885.37,3,Si
10886.62,-1N,©
10888.55,0,Atm
10888.88,5,Atm
10890.13,-1,Felp
10891.32,-3,N1
10891.77,-2,©
10962.3,3ns,Mg?
10962.6,-3,
10963.48,-1,©
10963.92,-1,©
10965.03,-1,©
10965.47,5,Mg?
10966.41,-3,
10967.08,-3,
10967.95,-3,
10968.61,-3,
10969.36,a,Atm
10970.08,-3,
10970.8,-3,
10971.28,-3,
10971.88,-3,
10972.98,7,Atm
10973.97,,©
10974.22,2,Atm
10975.46,3,Atm
10975.97,6,Atm
10976.13,6,Atm
10976.92,-1,©
10977.18,5nl,Atm
10978.24,-2,Atm?
10978.77,4,Atm
10979.34,4,S1
10979.86,o,Atm?
10980.51,-3,0?
10981.16,-2,07
10982.1,a,S1
10982.4,4,Atm
10984.44,3dnl,S1
10985.86,7,Atm
10987.02,inl,Atm-
10988.3,6,Atm
10990.34,-a,Atm
10990.87,1,Atm
10991.4,o,Atm
10992.02,3,Atm
10992.54,1,Atm
10993.93,15,Atm
10995.28,5,Atm
10995.79,-3,
10996.47,8,Atm
10997.97,-1Ns,©
10998.74,-3,
10999.52,4d,Atm?
11000.63,-2,
11001.51,-3,
11002.29,4d,Atm?
11002.76,5,Atm
11004.14,3,Atm
11005.42,-1,
11159.33,(20),Atn
11160.65,(75),Atm
11162.94,(125),Atm
11165.47,(100),Atm
11167.09,6,Atm
11168.03,3,Atm
11169.73,(50),Atm
11171.99,(65),Atn
11173.83,-2N,
11174.44,-1,Atm?
11175.59,2,Atm
11177.49,(25),Atm
11178.37,3,Atm
11180.98,(175),Atm o?
11183.73,0,Atm
11184.69,-3,
11186.61,(125),Atn
11189.14,(60),Atm
11191.34,(125),Atm
11193.19,-1,Atm
11193.68,-1,Atm
11194.51,1,Atm
11194.93,2,Atm
11196.97,(100),Atm
11198.55,4,Atm
11199.5,2,Atm?
11201.0,(150),Atm
11202.42,2,Atm
11203.94,-3N,
11204.95,(25),Atm
11206.25,-1N,©
11206.66,a,Atm
11207.2,-3,
11207.68,-3,
11208.21,-2,
11210.62,(125),Atm
11212.3,1N,Feip-
11213.1,O,Atm
11213.89,4,Atm
11216.83,(225),Atm
11219.43,1,Atm
11223.31,(350),Atm
11227.52,9,Atm
11228.83,-1N,©
11229.6,-2,o
11230.17,-3N,O
11231.54,1,Atm
11231.94,1,Atm
11234.4,(300),Atm
11238.54,-3,
11239.27,-3,
11239.9,-3N,CNT
11240.94,(50),Atm
11242.15,(40),Atm
11242.91,-1N,
11243.28,-2,
11244.36,o 1,T1-
11245.19,4,Atm
11245.66,o,Atm
11246.95,2,T1-
11248.33,(40),Atm
11252.69,(325),Atm
11256.58,o,Atm
11257.52,a,Atm
11259.4,(135),Atm
11260.58,8,Atm
11261.71,(50),Atm
11263.14,-3,
11264.2,3,Atm
11265.19,(50),Atm
11268.19,6,Atm
11268.93,-2N,
11271.14,(150),Atm
11272.28,10,Atm
11274.34,10,Atm
11275.78,(190),Atm
11277.19,8,Atm
11278.73,1,CNT
11279.34,-1,CN?
11280.03,o,CN?
11282.16,(100),Atm
11285.05,o,CNT
11286.85,(125),Atm
11290.08,(75),Atm
11291.54,O,CN?
11294.47,(175),Atm
11295.79,10,Atm
11296.58,-1,©
11297.23,10,Atm
11299.96,(125),Atm
11301.39,5,Atm
11301.77,5,Atm
11302.89,1,Atm ©
11304.03,-3,
11304.61,-3,
11305.43,(25),Atm
11306.52,3,Atm
11307.25,-1,
11307.67,3,Atm
11308.6,5,Atm
11309.8,-3,
11310.1,-3,
11310.28,,©
11310.76,3,Atm
11311.93,5N,07
11312.45,(75),Atm
11313.29,-2,
11313.8,-2,
11314.62,2,Atm
11315.2,-1,o
11316.06,-3,
11316.78,3,Atm
11318.05,(30),Atm
11319.16,1,Atm
11319.86,1,Atm
11321.67,(100),Atm
11323.79,6ns,o Atm
11325.04,3nl,Atm ©
11326.08,-1,
11326.99,(25),Atm
11328.09,-1N,
11329.7,(100),Atm
11331.27,8,Atm
11333.35,(175),Atm
11336.18,1,
11338.56,(165),Atm
11339.3,8,Atm
11339.82,10,Atm
11340.65,5,Atm
11346.13,4,Atm
11346.37,(525),Atm
11349.17,(75d),Atm
11350.96,(25),Atm
11351.94,a,Atm
11352.79,-1N,Atm?
11353.36,-2,Atm?
11353.83,5,Atm
11355.58,1N,Atm
11357.8,(235),Atm
11360.97,1,Atm
11361.42,2,Atm
11363.11,-1N,Atm
11363.65,3,Atm
11364.08,-2N,o
11365.12,8,Atm
11365.52,O,Atm
11366.08,2,Atm
11366.9,2,Atm
11367.44,-2,O
11367.86,2,Atm
11369.15,1N,07
11370.35,3,Atm
11371.1,O,Atm
11371.92,(20),Atm-
11373.68,(100d?),Atm
11375.1,-3,ST
11376.38,-3,
11377.08,-3,Fe?p
11377.76,6,Atm
11378.21,-1,CNT
11378.62,-2,
11379.19,3,Atm
11380.25,-1,Atm
11382.24,(150),Atm
11384.4,-3,CNT
11384.66,(35),Atm
11386.18,-3NN,S?-
11387.42,-2,
11388.13,-2,
11388.61,-2,
11389.41,-2,
11525.96,-3,Atm
11528.6,1,©
11529.9,-3,
11530.56,6,Atm
11531.37,-2d?,
11531.98,4,Atm
11532.87,3,Atm
11533.22,5,Atm
11534.01,(20),Atm
11534.61,8,Atm
11535.22,10,Atm
11536.23,-3N,
11537.41,(60),Atm
11538.19,-2,Atm
11538.77,-2,Atm
11539.12,3,Atm
11539.54,O,Atm
11540.01,(20),Atm
11540.77,3,
11541.63,(50),Atm
11542.92,-1,Felp
11543.91,O,Atm
11545.17,-3N,
11546.77,(40),Atm
11547.88,1N,Atm
11548.91,-1N,Atm
11550.41,-3,
11551.08,(20),Atm
11551.79,-1,Atm
11552.28,-3,©
11553.03,O,of
11554.65,(75),Atm
11556.1,-3,07
11556.92,-1N,07
11557.08,-1N,07
11557.43,-3N,07
11558.09,-1N,07
11559.0,-1Nd?,oT
11560.42,-3N,07
11560.98,4,of
11562.05,(50),Atm
11563.69,ON,0?
11564.58,-3M,oT
11565.5,4d,Atm ©
11566.49,-3,
11567.87,-3,
11568.9,-3d,07
11569.13,(25),Atm
11569.96,o,of
11571.09,4,Atm
11571.51,5,Atm
11572.57,o,Crip
11573.04,-3,CNT
11573.25,-3,Feip
11573.79,3,Atm
11575.2,(50),Atm
11576.26,15,Atm
11577.42,-3N,.
11578.46,-2,
11579.75,-3,Atm
11580.52,5,Atm
11581.85,(20),Atm
11586.67,(50),Atm
11588.27,4,Atm
11590.38,a,Atm
11591.41,ON,S1
11592.21,3N,Atm
11593.65,ON,Fe
11594.04,(35),Atm
11594.7,1N,Atm
11596.1,-1,©
11597.99,15,Atm
11598.81,-3N,
11600.21,(35),Atm
11601.05,(40),Atm
11602.08,-2,Cip
11602.88,-3,Fe P
11603.53,-3N,
11604.4,10,Atm
11605.31,7,Atm ©
11606.49,o,Atm
11607.59,4,Fe
11608.77,-3,
11609.38,10nl,Atm
11609.91,-1,
11610.56,1,Cr
11611.44,15ns,S1-
11612.49,a,Atm
11613.84,10,Atm
11614.38,-3,
11615.8,-3NN,o
11617.26,4,Atm
11618.04,-3,
11618.6,3,Atm
11619.33,-1N,CT
11620.24,(35),Atm
11620.88,-3,
11622.07,10,Atm
11623.06,ON,Atm
11624.76,-1N,Atm ©
11626.52,-3,
11627.57,-3,
11628.92,a,1 Atm
11629.84,-2N,07
11630.5,1N,Cip
11631.63,-3,
11632.66,10,Atm
11633.08,10,Atm
11633.09,(20),Atm
11637.04,-3NN,
11638.22,10,Fe
11639.25,-3Nd?,
11639.8,-2,Atm
11685.89,1,of
11687.82,-3N,
11688.36,-3,Fe?p
11689.05,-3,
11689.54,2,Atm
11690.01,1,Fe
11690.42,5,Atm
11691.13,-3,
11691.9,8,Atm
11694.14,-3,
11695.8,-3N,
11696.96,O,Atm
11698.91,ins,Atm
11699.8,a,Atm
11700.38,an,Atm?
11700.95,a,Atm
11701.76,-3,
11702.54,7,Atm
11703.32,-1,09 Atm
11705.13,0,Atm
11707.45,15,Atm
11710.18,-3N,
11711.15,-2Nd,
11714.61,ON1,Atm
11715.71,8d,Atm 07
11717.39,-3N,
11720.42,(30),Atm
11722.75,-3N,
11724.12,-1N,Atm?
11725.43,-3,
11725.86,4,Atm
11727.09,-2,
11727.76,-1,
11728.48,-3,Fe P
11729.02,4,Atm
11731.59,-3,
11732.34,-1N,Fe?p
11732.89,1,Atm
11733.29,4,Atm
11734.05,-3,
11735.29,ON,
11736.01,15,Atm
11736.72,1,Atm
11737.34,12,Atm of
11738.97,15,Atm
11739.72,-3,
11740.12,4,Atm
11742.8,-2NN,@
11744.78,-1N,©
11746.09,ON,Q1 Atm
11748.28,1N,C
11749.32,-3,Atm
11750.04,5,Atm
11751.21,6,Atm
11752.23,4,Atm
11753.42,5N,C
11754.84,5N,C
11759.63,-3,Atm
11763.45,3ne,Atm of
11768.37,0,Atm
11769.72,-3N,K
11771.17,6,Atm
11771.92,-3,
11772.77,15,Atm
11773.45,-3,Atm of
11774.37,(20),Atm
11775.6,6,Atm
11777.61,ONN,C P
11780.84,15,Atm
11783.36,5,Atm
11792.53,20,Atm
11794.92,8,Atm
11795.78,-3,
11797.55,0,T1
11801.1,0,C
11804.12,-an,
11804.93,-1,
11805.71,-1,Atm
11806.08,0,Atm
11808.41,-3,
11810.19,8,
11811.12,-3,
11811.87,-3N,
11812.76,1,
11815.05,(60),Atm
11816.95,-2,
11817.18,-3,
11817.96,a,Atm
11818.8,(35),Atm
11822.52,1,Atm
11822.91,ON,Ф
11823.77,3,Atm
11825.0,-2,Atm
11828.2,5NN,Mg
11828.24,6,Atm
11833.13,2,Atm
11834.33,-3N,
11835.44,4,Atm
11839.0,3N,e
11840.06,(25),Atm
11841.77,-2,Atm
11843.24,-2,Atm
11844.73,10,Atm
11846.16,0,Atm
11847.3,15,Atm
11848.79,-1N,C
11851.51,0,Atm
11854.02,-3N,Atm
11856.22,a,Atm
11861.73,8,Atm
11862.99,-3,C
11864.14,-1NN,07
11865.76,8,Atm
11868.03,-1,Atm?
11868.82,-3,Atm?
11870.02,-2,
11871.49,-3,
11872.34,3,
11873.52,(30),Atm
11876.24,o,Atm
11876.32,10NN,o
11876.86,-1,Atm
11878.7,(25),Atm
11879.66,-2N,CT
11880.9,4,
11882.02,5,
11882.87,4,Atm
11884.13,3,Atm
11886.24,-3N,07 Atm
11889.08,12,Atm
11890.48,-1,S1 P
11892.9,ON,C
11895.02,-2,Atm?
11895.88,1N,c
11897.22,-2N,©
11899.64,12,Atm
11903.17,in,Atm of
11904.82,2,Atm
11906.82,1N,07
11908.04,2,Atm
11909.97,inl,Atm
11915.39,5,Atm
11916.25,-2,of
11916.85,-1N,07
11918.02,ON,07
11923.03,1N,CNT
11924.74,1,Atm?
11928.98,1N,OT
11931.61,(20),Atm
11933.57,3,Atm?
11938.41,-2N,07
11941.32,1,Atm
11942.44,1,Atm
11943.9,On,of
11947.59,1,Atm
11948.07,1,Atm
11949.77,in,T1
11951.72,On,of
11952.74,5,Atm
11954.47,o,of
11955.31,1,Atm
11960.23,5,Atm
11961.93,0,Atm
11966.3,o,Atm
11969.3,-1,Atm
11972.86,(25d),Atm
11981.86,a,Atm
11982.97,ON,OT
12118.9,-1,Atm?
12119.86,5,Atm
12120.79,7,Atm
12123.66,0,Atm
12129.44,ONN,of
12132.74,0,Atm
12134.55,4,Atm
12135.54,2,Atm
12135.95,0,
12136.48,-2,Atm
12137.38,5,Atm
12138.13,6,Atm
12140.73,6,Atm
12142.67,4,Atm
12144.98,3N,©
12145.9,8,Atm
12146.96,-1,Atm
12148.62,3,Atm
12151.35,8,Atm
12159.15,a,Atm
12160.14,0,07
12160.95,2,Atm
12163.26,3d,
12164.64,-in,07
12165.29,8,Atm
12166.99,a,Atm?
12169.16,-3NN,o
12173.76,1,Atm
12176.18,7,Atm
12177.92,3,Atm
12178.35,3,Atm
12184.42,-3,Atm?
12185.87,4,Atm
12188.02,6,Atm
12189.39,-1N,
12190.42,7d,Atm
12195.67,4,Atm
12200.09,8,Atm
12203.51,0,Atm
12211.87,4,Atm
12214.56,10,Atm
12218.9,-1,Atm
12221.45,-1,Atm
12223.14,10,Atm
12227.06,0,Fe P
12227.76,3,Atm
12232.79,6,
12234.35,6,
12239.53,5,Felp
12241.7,1,Atm
12241.94,inl,07
12245.12,-1NN,Felp
12246.9,a,Atm
12247.35,-1,Atm
12249.85,1,
12251.02,5,Atm
12258.74,ON,
12260.37,-1NN,
12263.84,3,Atm
12267.95,-1,Fe P
12270.16,1,Atm
12270.76,8nl,Atm?
12272.42,4,Atm
12275.27,-1,
12276.49,3,Atm
12281.09,-1n,
12283.61,-2,
12284.9,a,Atm
12286.01,3,Atm
12292.08,5,Atm
12295.33,-1NN,
12297.6,2,Atm
12300.32,1NN,©
12305.91,-1,Atm
12309.17,0,Atm?
12311.1,3,Atm
12314.36,-2N,07
12314.84,1,Atm
12320.23,-1N,of
12323.09,1,Atm
12323.78,-2,
12324.97,a,Atm
12327.47,1,Atm
12328.97,ON,©
12329.69,-3,
12330.7,4,Atm
12340.89,-3N,-Fe p
12341.73,-2,
12343.06,-1,Fe p
12345.41,-2N,
12347.94,-2,Atm
12349.87,1N,of
12351.92,-2,Atm
12354.9,-1,Atm
12357.07,-2,
12358.1,-2,
12363.97,2,Atm
12366.08,-1,Atm
12367.23,8,Atm
12368.64,1,Atm
12377.34,-3N,
12382.84,-1N,
12390.24,a,Atm
12392.83,-1N,of
12395.88,a,Atm
12398.65,-3N,
12400.28,-1,
12401.65,-1,
12403.41,a,Atm
12406.89,-1,Atm
12413.75,-2N,07
12417.97,-1,Atm
12423.36,-2N,Caip
12432.25,-1,Atm
12433.0,2,Atm
12433.43,3,Atm
12437.59,-1N,
12452.41,-1NN,of
12457.13,-1,Atm
12458.59,-2,
12459.77,1N1,Atm ©
12460.98,-1N,
12481.93,-1N,
12492.65,0,Atm O₂
12504.92,-1N,
12507.74,1,Atm O₂
12523.07,3,Atm O₂
12525.23,-3,
12532.16,3ns,K?
12532.98,1N,
12535.19,ON,
12538.73,5,Atm O₂
12549.5,1N,c
12551.07,-1N,
12554.7,6,Atm O₂
12557.11,On,Fe p
12562.25,6N,CT
12566.4,-3N,
12569.06,1N,C
12571.02,8,Atm O₂
12581.68,5ne,-C
12583.09,-2,of
12583.97,1,Atm
12586.69,-2,Felp
12587.59,8,Atm O₂
12588.92,-1,Felp
12592.42,-1,© Atm
12594.95,3,Atm O₂
12598.4,2,Atm O₂
12601.33,2,Atm O₂
12601.6,aN,C
12604.6,10,Atm O₂
12605.67,-3,
12607.93,4,Atm O₂
12611.32,5,Atm O₂
12614.2,4N,c
12614.84,5,Atm 03
12615.98,-1,Fe p
12616.96,-2,Atm?-
12618.16,6,Atm O₂
12621.87,12,Atm O₂
12623.05,-1,Atm
12624.45,-3n,
12625.33,7,Atm O₂
12627.76,-2,
12628.35,-2,
12629.45,7,Atm o₂
12636.66,-2,
13137.22,2,Atm
13210.64,1,Atm
13297.85,1NN,©
13442.46,0,Atm?
