wavelength,ew,id
3373.653,39.0,Cr I
3401.53,,Fe I
3402.42,,Ti II
3404.31,,Fe I
3405.126,,Co I
3406.81,,Fe I
3407.51,,Fe I
3408.779,,Cr II
3409.579,,Ni I
3412.349,,Co I
3413.143,,Fe I
3413.947,,Ni I
3414.779,,Ni I
3417.169,,Co I
3417.85,,Co I
3418.522,,Fe I
3421.221,,Cr II
3422.496,,Fe I
3422.769,,Cr II
3423.715,,Ni I
3424.299,,Fe I
3426.37,,Fe I
3426.992,,Fe I
3428.207,,Fe I
3428.45,,Ni I
3431.586,,Co I
3431.83,,Fe I
3432.728,,Nb II
3433.048,,Co I
3433.318,,Cr II
3436.196,,Cr I
3437.054,,Fe I
3437.291,,Ni I
3438.28,,Zr II
3438.99,,Mn II
3439.805,,Gd II
3440.626,,Fe I
3441.019,,Fe I
3441.982,,Mn II
3443.381,,Ti II
3443.884,,Fe I
3444.3,,Ti II
3445.125,,Fe I
3446.271,,Ni I
3447.285,,Fe I
3449.175,,Co I
3449.448,,Co I
3451.922,,Fe I
3452.284,,Fe I
3452.905,,Ni I
3453.512,,Co I
3455.245,,Cr I
3456.394,,Ti II
3458.467,,Ni I
3459.918,,Fe I
3460.326,,Mn II
3461.499,,Ti II
3464.474,,Sr II
3465.88,,Fe I
3467.509,,Ni I
3468.686,,Fe II
3469.493,,Ni I
3471.31,,Fe I
3472.558,,Ni I
3474.06,,Mn II
3475.133,,Cr II
3475.457,,Fe I
3476.712,,Fe I
3477.186,,Ti II
3479.923,,Fe II
3480.886,,Ti II
3481.78,,Gd II
3482.574,,Cr II
3482.909,,Mn II
3483.414,,Co I
3483.784,,Ni I
3487.992,,Fe II
3488.678,,Mn II
3489.163,,Fe II
3489.407,,Co I
3490.594,,Fe I
3491.056,,Ti II
3492.975,826.0,Ni I
3493.695,53.0,Fe I
3494.169,53.0,Fe I
3494.676,94.0,Fe II
3495.245,116.0,Fe I
3495.663,138.0,Fe II
3495.835,141.0,Fe I
3496.681,101.0,Co I
3496.813,77.0,Mn II
3497.529,59.0,Mn II
3497.843,726.0,Fe I
3498.749,42.0,Fe I
3498.945,31.0,Ru I
3499.572,26.0,Zr I
3500.157,39.0,Ti II
3500.335,90.0,Ti II
3500.857,163.0,Ni I
3501.729,84.0,Co I
3501.965,18.0,Mo I
3502.291,111.0,Co I
3502.862,28.0,Fe I
3503.473,50.0,Fe II
3504.442,65.0,V II
3505.063,94.0,Fe I
3505.671,53.0,Zr I
3506.241,45.0,Co I
3506.328,140.0,Co I
3506.841,46.0,Dy I
3507.698,80.0,Ni I
3508.211,48.0,Fe I
3508.487,105.0,Fe I
3509.125,69.0,Fe I
3509.731,41.0,Co I
3509.853,105.0,Co I
3510.327,489.0,Ni I
3510.846,87.0,Ti II
3511.744,41.0,Cr II
3511.839,90.0,Cr II
3512.646,132.0,Co I
3513.06,97.0,Cr I
3513.483,98.0,Co I
3513.825,307.0,Fe I
3514.635,56.0,Fe I
3515.066,718.0,Ni I
3515.409,18.0,Fe I
3516.219,55.0,N I
3517.033,16.0,Ni I
3517.306,79.0,V I
3518.22,15.0,Co I
3518.685,96.0,Fe I
3518.874,67.0,Fe I
3519.618,7.5,Ni I
3519.764,171.0,Ni I
3520.257,75.0,T I
3520.851,47.0,Fe I
3521.27,381.0,Fe I
3521.844,72.0,V I
3522.272,61.0,Fe I
3522.908,58.0,Fe I
3523.444,96.0,N I
3524.244,100.0,Fe I
3524.536,1271.0,Ni I
3526.17,422.0,Fe I
3526.385,108.0,Fe I
3526.847,209.0,Co I
3527.531,18.0,Nd I
3527.795,107.0,Fe I
3528.324,12.0,Fe I
3529.04,76.0,Co I
3529.521,68.0,Fe I
3529.823,148.0,Fe I
3530.391,92.0,Fe I
3530.777,75.0,V I
3531.44,60.0,Fe I
3532.12,101.0,Mn I
3532.579,76.0,Fe I
3533.203,223.0,Fe I
3533.364,72.0,Fe I
3533.858,43.0,T I
3534.53,44.0,Fe I
3534.918,66.0,Fe I
3535.412,79.0,Ti II
3536.023,23.0,Dy I
3536.567,189.0,Fe I
3537.243,40.0,Cr I
3537.737,83.0,Fe I
3537.903,107.0,Fe I
3538.559,63.0,Fe I
3538.795,29.0,Fe I
3539.371,3.0,Fe I
3540.126,93.0,Fe I
3540.715,95.0,Fe I
3541.095,214.0,Fe I
3541.332,16.0,V I
3542.09,224.0,Fe I
3542.571,60.0,Fe I
3543.001,16.0,Co I
3543.682,61.0,Fe I
3543.933,5.0,Rh I
3544.634,57.0,Fe I
3545.194,73.0,V I
3545.644,108.0,Fe I
3545.829,72.0,Fe I
3546.709,13.0,Co I
3547.199,100.0,Fe I
3547.67,28.0,Mn I
3548.19,139.0,Mn I
3548.451,38.0,Co I
3549.009,54.0,Y I
3549.371,26.0,Gd I
3549.872,84.0,Fe I
3550.599,87.0,Co I
3551.112,53.0,Fe I
3551.533,94.0,N I
3552.112,70.0,Fe I
3552.725,55.0,Fe I
3552.845,120.0,Fe I
3553.746,116.0,Fe I
3554.122,127.0,Fe I
3554.51,86.0,Fe I
3554.937,404.0,Fe I
3555.724,12.0,Fe I
3555.947,16.0,Co I
3556.689,95.0,V II
3556.896,243.0,Fe I
3558.072,30.0,Fe I
3558.532,485.0,Sc II
3559.079,41.0,Fe I
3559.464,,~Fe I
3559.923,48.0,N I
3560.704,75.0,V II
3560.897,82.0,Co I
3561.582,58.0,Ti II
3561.757,77.0,Ni I
3562.27,40.0,Fe I
3562.926,37.0,Co I
3563.611,23.0,Fe I
3564.126,71.0,Fe I
3564.565,71.0,Fe I
3564.959,70.0,Co I
3565.396,990.0,Fe I
3566.175,53.0,V I
3566.383,458.0,Ni I
3567.042,82.0,Fe I
3567.696,110.0,Fe I
3568.248,28.0,Sm I
3568.448,70.0,Fe I
3568.983,82.0,Fe I
3569.384,116.0,Co I
3570.134,1380.0,Fe I
3570.276,42.0,Fe I
3571.233,60.0,Fe I
3571.875,237.0,Ni I
3572.573,112.0,Sc II
3573.067,40.0,Fe I
3573.735,84.0,Ti II
3573.836,156.0,Ti II
3574.253,45.0,T I
3574.967,90.0,Co I
3575.374,115.0,Co I
3575.994,90.0,Fe I
3576.329,116.0,Sc II
3576.766,87.0,Ni II
3577.465,47.0,Ce I
3577.875,105.0,Mn I
3578.693,488.0,Cr I
3579.045,14.0,Co I
3579.835,34.0,Fe I
3580.412,20.0,Fe I
3581.209,2144.0,Fe I
3581.665,36.0,Fe I
3582.205,64.0,Fe I
3582.698,72.0,Fe I
3582.877,19.0,Fe I
3583.339,122.0,Fe I
3583.911,96.0,Fe I
3584.661,182.0,Fe I
3584.965,78.0,Fe I
3585.339,839.0,Cr II
3586.118,122.0,Fe I
3586.544,74.0,Mn I
3586.99,532.0,Fe I
3587.429,54.0,Fe I?
3587.943,129.0,Zr II
3588.534,161.0,Fe I
3589.112,104.0,Fe I
3589.632,108.0,Sc II
3589.767,102.0,V II
3590.489,136.0,Sc II
3591.008,44.0,Fe I
3591.488,60.0,Fe I
3592.027,75.0,V II
3592.678,79.0,Fe I
3592.899,48.0,Fe I
3593.34,88.0,Cr I
3593.997,40.0,Ca I
3594.638,146.0,Fe I
3594.876,92.0,Co I
3595.308,74.0,Fe I
3596.054,95.0,Ti II
3596.509,22.0,Co I
3597.047,86.0,Fe I
3597.712,181.0,Ni I
3598.182,8.0,Ce I
3598.72,60.0,Ti I
3598.986,87.0,Fe I
3599.544,18.0,N I
3599.97,58.0,Fe I
3600.739,69.0,Y I
3601.198,13.0,Zr I
3601.664,51.0,Cr I
3601.922,57.0,Co I
3602.544,172.0,Fe I
3603.21,119.0,Fe I
3603.578,106.0,Fe I
3603.95,43.0,Cr II
3604.378,75.0,Fe I
3605.201,26.0,Cr I
3605.339,495.0,Cr I
3605.916,75.0,Fe I
3606.694,271.0,Fe I
3606.854,18.0,Fe I
3607.533,66.0,Mn I
3608.155,82.0,Fe I
3608.491,38.0,Mn I
3608.869,1046.0,Fe I
3609.328,69.0,N I
3610.166,231.0,Fe I
3610.46,250.0,~Ti I
3611.05,80.0,Y I
3611.723,61.0,Co I
3612.075,118.0,Fe I
3612.744,160.0,Ni I
3613.109,139.0,Zr II
3613.449,86.0,Fe I
3613.809,194.0,Sc II
3614.561,98.0,Fe I
3614.891,28.0,Fe I
3615.665,71.0,Cr I
3615.962,37.0,Fe I
3616.57,92.0,Fe I
3617.011,36.0,Fe I
3617.321,82.0,Fe I
3617.796,124.0,Fe I
3618.304,110.0,Fe I
3618.777,1410.0,Fe I
3619.4,568.0,Ni I
3620.247,51.0,Fe I
3620.468,76.0,Fe I
3621.201,72.0,V II
3621.467,140.0,Fe I
3622.009,127.0,Fe I
3622.555,3.5,Eu I
3623.192,105.0,Fe I
3623.45,97.0,Fe I
3624.118,139.0,Ca I
3624.733,132.0,Ni I
3624.839,122.0,Ni I
3625.501,49.0,Fe I
3626.187,50.0,Fe I
3627.061,56.0,Fe I
3627.623,40.0,Co I
3627.813,98.0,Co I
3628.707,57.0,Y II
3628.828,64.0,Y II
3629.737,48.0,Mn I
3629.905,47.0,N I
3630.355,84.0,Fe I
3630.754,133.0,Ca I
3631.475,1364.0,Fe I
3632.049,117.0,Fe I
3632.56,72.0,Fe I
3633.076,134.0,Fe I
3633.512,47.0,Zr I
3633.835,92.0,Fe I
3634.332,136.0,Fe I
3634.952,129.0,N I
3635.469,97.0,T I
3636.238,132.0,Fe I
3636.485,92.0,Zr I
3637.058,112.0,Fe I
3637.255,68.0,Fe I
3637.873,93.0,Fe I
3638.304,153.0,Fe I
3639.03,34.0,V I
3639.45,69.0,Co I
3639.804,76.0,Cr I
3640.394,132.0,Fe I
3641.228,11.0,Ti II
3641.335,109.0,Ti II
3641.792,72.0,Co I
3642.682,93.0,Sc II
3642.806,150.0,Sc II
3643.627,113.0,Fe I
3643.811,81.0,Fe I
3644.417,141.0,Ca I
3645.082,97.0,Fe I
3645.313,132.0,Sc II
3645.827,103.0,Fe I
3646.504,23.0,CH
3646.988,58.0,Ce I
3647.428,94.0,Fe I
3647.851,970.0,Fe I
3648.53,23.0,Cr I
3648.998,52.0,Cr I
3649.511,134.0,Fe I
3650.037,115.0,Fe I
3650.285,115.0,Fe I
3651.197,31.0,Nb I
3651.474,136.0,Fe I
3651.8,114.0,Cr I
3652.551,70.0,Co I
3653.12,7.5,Ce I
3653.501,98.0,T I
3653.912,102.0,Cr I
3654.598,64.0,T I
3655.003,50.0,Fe I
3655.472,88.0,Fe I
3655.851,15.0,Ce I
3656.265,116.0,Cr I
3657.137,72.0,Fe I
3657.711,57.0,N I
3658.099,71.0,T I
3658.274,4.5,V I
3659.234,10.0,Ce I
3659.524,98.0,Fe I
3659.762,103.0,T I
3660.329,60.0,Fe I
3661.038,28.0,CH
3661.372,64.0,Sm I
3662.24,94.0,Ti II
3662.364,17.0,Ti II
3663.2,100.0,Cr I
3663.598,10.0,V I
3664.097,130.0,N I
3664.54,103.0,Fe I
3665.028,37.0,CH
3665.437,9.5,Cr I
3666.064,105.0,Fe I
3666.539,83.0,Sc I
3666.931,92.0,Fe I
3667.261,103.0,Fe I
3667.996,89.0,Fe I
3668.46,53.0,Zr I
3669.244,103.0,N I
3669.526,120.0,Fe I
3670.032,143.0,Fe I
3670.431,120.0,N I
3670.817,86.0,Fe I
3671.682,67.0,T I
3672.124,16.0,Fe I
3672.712,68.0,Fc I
3673.226,44.0,CH
3673.426,40.0,V I
3674.15,178.0,N I
3674.413,58.0,Fe I
3674.999,11.0,Ir I
3675.294,42.0,Ca I
3675.766,24.0,Fe I
3676.322,102.0,Fe I
3676.878,73.0,Fe I
3677.628,147.0,Fe I
3677.855,98.0,Cr I
3678.728,3.0,Mn I
3678.869,89.0,Fe I
3679.685,43.0,T I
3679.811,22.0,Cr I
3680.665,70.0,Fe I
3680.802,128.0,Fe I
3681.653,72.0,Fe I
3681.884,30.0,Fe I
3683.092,166.0,Fe V
3683.623,52.0,Fe I
3684.222,8.5,Cr I
3684.542,38.0,Fe I
3685.196,275.0,Ti II
3685.527,56.0,Cr I
3686.004,151.0,Fe I
3686.263,85.0,Fe I
3687.102,73.0,Fe I
3687.466,564.0,Fe I
3688.173,47.0,Fe I
3689.002,52.0,Fe I
3689.469,158.0,Fe I
3689.88,79.0,Fe I
3690.731,86.0,Fe I
3691.176,8.5,Fe I
3691.314,50.0,Fe I
3692.226,40.0,V I
3692.65,47.0,Fe I
3693.032,86.0,Fe I
3693.478,61.0,Co I
3694.027,272.0,Yb II
3694.436,38.0,Ti I
3695.056,98.0,Fe I
3695.652,55.0,Fe I
3695.869,42.0,V I
3696.57,53.0,Mn I
3696.911,34.0,N I
3697.433,101.0,Fe I
3698.167,52.0,Zr I
3698.609,75.0,Fe I
3699.144,69.0,Fe I
3699.396,5.5,Fe I
3699.825,32.0,Fe I
3700.269,34.0,Tm I
3700.995,186.0,V I
3701.729,20.0,Mn I
3702.037,68.0,Fe I
3702.493,77.0,Fe I
3702.961,10.0,CN
3703.545,114.0,Fe I
3703.86,235.0,H 16
3704.469,98.0,Fe I
3705.033,33.0,V I
3705.577,562.0,Fe I
3706.037,290.0,Ca II
3707.052,121.0,Fe I
3707.562,83.0,T I
3707.929,114.0,Fe I
3708.611,53.0,Fe I
3709.031,60.0,Fe I
3709.256,573.0,Fe I
3709.953,39.0,Ce I
3710.292,74.0,Y II
3711.229,83.0,Fe I
3711.412,66.0,Fe I
3711.97,333.0,H 15
3712.717,9.0,Cr II
3712.898,111.0,Cr II
3713.714,22.0,N I
3713.834,2.5,CN
3714.407,3.0,Cr I
3715.18,58.0,Cr II
3715.397,105.0,Ti I
3715.916,80.0,Fe I
3716.451,166.0,Gd I
3717.072,3.0,Nb I
3717.397,48.0,Ti I
3718.152,38.0,V I
3718.412,77.0,Fe I
3718.839,7.0,CN
3719.458,7.0,N I
3719.947,1664.0,Fe I
3720.26,11.0,Zr I
3721.185,58.0,Fe I
3721.635,110.0,Ti II
3721.94,536.0,H 14
3722.588,694.0,T I
3722.758,8.0,Fe I
3723.609,47.0,T I
3724.092,43.0,T I
3724.385,124.0,Fe I
3724.829,52.0,N I
3725.496,67.0,Fe I
3726.023,14.0,N I
3726.665,37.0,Co I
3726.92,202.0,Fe I
3727.347,59.0,V II
3728.042,40.0,Ru I
3728.671,73.0,Fe I
3728.954,80.0,N I
3729.339,10.0,Fe I
3729.813,83.0,Ti I
3730.392,118.0,Fe I
3730.756,106.0,N I
3731.381,80.0,Fe I
3732.035,54.0,Cr I
3732.406,142.0,Fe I
3732.752,64.0,V II
3733.33,228.0,Fe I
3734.135,17.0,Co I
3734.536,13.0,H 13
3734.874,3027.0,Fe I
3735.334,69.0,Fe I
3735.898,27.0,Co I
3736.476,11.0,CN
3737.141,1071.0,Fe I
3737.576,78.0,Cr I
3737.758,6.0,CN
3738.363,136.0,Cr I
3739.228,104.0,N I
3739.529,112.0,Fe I
3740.064,65.0,Fe I
3740.464,4.0,CN
3741.065,93.0,T I
3741.645,133.0,Ti II
3742.146,66.0,Fe I
3742.95,75.0,Fe I
3743.368,592.0,Fe I
3743.888,74.0,Cr I
3744.493,84.0,Cr I
3744.756,3.5,CN
3745.574,1202.0,Fe I
3745.91,540.0,Fe I
3746.475,72.0,Fe I
3747.552,44.0,Y I
3748.0,50.0,V I
3748.271,497.0,Fe I
3748.966,103.0,Fe I
3749.495,1907.0,Fe I
3749.938,13.0,Co I
3750.678,27.0,Fe I
3751.09,32.0,Fe I
3751.592,42.0,Zr I
3751.824,50.0,Fe I
3752.418,78.0,Fe I
3752.86,95.0,T I
3753.62,132.0,Fe I
3753.751,12.0,Dy I
3754.578,120.0,Cr I
3755.134,13.0,CN
3755.452,44.0,Co I
3756.072,65.0,Fe I
3756.65,7.5,CN
3756.941,96.0,Fe I
3757.684,92.0,T I
3757.81,14.0,Zr I
3758.316,3.0,Fe I
3759.075,29.0,La I
3759.299,334.0,Ti II
3760.224,24.0,H 12
3760.537,100.0,Fe I
3761.067,46.0,Fe I
3761.32,277.0,T I
3761.874,78.0,Cr II
3762.309,75.0,CN
3762.87,16.0,CN
3763.476,14.0,Nd I
3763.803,829.0,Fe I
3764.384,28.0,Sm I
3764.849,5.0,CN
3765.551,174.0,Fe I
3766.094,56.0,Fe I
3766.666,78.0,Fe I
3767.204,820.0,Fe I
3767.437,20.0,Cr I
3768.034,78.0,Fe I
3768.733,44.0,Cr I
3769.019,21.0,Cr I
3769.722,5.0,CN
3769.994,77.0,Fe I
3770.63,1860.0,H 11
3770.972,44.0,V I
3771.658,62.0,T I
3772.104,19.0,CN
3772.533,86.0,N I
3772.931,24.0,V I
3773.699,88.0,Fe I
3774.033,13.0,CN
3774.336,74.0,Y II
3774.832,100.0,Fe I
3775.578,144.0,N I
3776.059,84.0,Ti II
3776.461,90.0,Fe I
3777.074,68.0,Fe I
3777.456,94.0,Fe I
3778.066,66.0,N I
3778.515,88.0,Fe I
3778.798,58.0,CN
3779.731,24.0,CN
3779.808,16.0,CN
3780.516,26.0,CN
3781.19,76.0,Fe I
3781.516,18.0,Fe I
3781.938,70.0,Fe I
3782.453,74.0,Fe I
3783.085,11.0,CN
3783.535,164.0,Fe II
3783.818,29.0,CN
3784.252,16.0,Nd I
3785.013,6.0,CN
3785.707,96.0,Fe I
3786.175,144.0,Fe I
3786.682,132.0,Fe I
3787.166,139.0,Fe I
3787.482,6.5,CN
3787.891,512.0,Fe I
3788.701,84.0,Y I
3789.184,110.0,Fe I
3789.577,56.0,Fe I
3790.098,179.0,Fe I
3790.657,157.0,Fe I
3790.759,119.0,Fe I
3791.509,75.0,Fe I
3792.079,110.0,CN
3792.651,121.0,CN
3792.832,72.0,Fe I
3793.605,123.0,N I
3793.876,80.0,Cr I
3794.615,22.0,La II
3794.773,48.0,La II
3795.538,65.0,Fe I
3796.186,31.0,CN
3796.496,15.0,Zr I
3796.887,76.0,Ti I
3797.522,103.0,Fe I
3797.954,54.0,H 10
3798.521,304.0,Fe I
3798.903,20.0,Ru I
3799.558,622.0,Fe I
3800.034,58.0,CN
3800.546,34.0,Mn I
3801.113,33.0,T I
3801.371,75.0,Fe I
3801.99,105.0,Fe I
3802.285,80.0,Fe I
3803.09,61.0,CN
3803.482,42.0,V I
3804.015,100.0,Fe I
3804.612,68.0,CN
3804.793,95.0,CN
3805.349,171.0,Fe I
3806.219,105.0,Fe I
3806.718,209.0,Mn I
3807.151,193.0,N I
3807.544,178.0,Fe I
3807.937,111.0,Cr I
3808.734,114.0,Fe I
3809.049,85.0,Fe I
3809.586,132.0,V I
3809.921,20.0,CN
3810.54,41.0,CN
3810.76,120.0,Fe I
3811.298,67.0,N I
3811.894,147.0,Fe I
3812.448,18.0,Co I
3812.962,322.0,Fe I
3813.394,138.0,Ti II
3814.122,38.0,Fe I
3814.358,22.0,CN
3814.892,26.0,CN
3815.437,51.0,Cr I
3815.851,1272.0,Fe I
3816.345,100.0,Fe I
3816.922,80.0,Fe I
3817.382,34.0,CN
3818.195,75.0,CN
3818.345,55.0,Y I
3819.063,49.0,CN
3819.494,83.0,Eu II
3819.961,21.0,V I
3820.436,1712.0,L-band
3821.187,93.0,Fe I
3821.728,52.0,CN
3821.84,130.0,Fe II
3822.328,86.0,CN
3822.856,75.0,CN
3823.514,116.0,Mn I
3823.895,93.0,Mn I
3824.452,519.0,Fe I
3824.926,52.0,Fe I
3825.408,40.0,Fe I
3825.891,1519.0,Fe I
3826.709,58.0,CN
3826.852,88.0,Fe I
3827.58,73.0,Fe I
3827.832,897.0,Fe I
3828.51,94.0,Fe I
3829.154,77.0,Fe I
3829.365,874.0,Mg I
3830.076,50.0,CN
3830.609,43.0,CN
3831.037,77.0,Cr I
3831.7,129.0,Ni I
3831.888,26.0,Ni I
3832.31,1685.0,Mg I
3832.888,51.0,N I
3833.317,53.0,Fe I
3834.233,624.0,Fe I
3834.371,21.0,Fe I
3835.161,68.0,CN
3835.39,2362.0,H 9
3836.09,58.0,Ti I
3836.501,80.0,CN
3837.141,54.0,Fe I
3837.635,46.0,CN
3837.823,55.0,CN
3838.302,1920.0,Mg I
3838.751,63.0,CN
3839.263,104.0,Fe I
3839.785,82.0,Fe I
3840.447,567.0,Fe I
3841.058,517.0,Fe I
3841.73,124.0,CN
3842.054,126.0,Co I
3842.644,46.0,CN
3842.903,26.0,Fe I
3843.715,145.0,Fe I
3844.131,126.0,CN
3844.448,53.0,V I
3845.02,72.0,CN
3845.47,135.0,Co I
3845.993,104.0,Fe I
3846.417,105.0,Fe I
3846.809,160.0,Fe I
3847.339,53.0,V I
3847.848,146.0,CN
3848.297,92.0,Fe I
3849.006,121.0,Cr I
3849.367,88.0,Cr I
3849.977,608.0,Fe I
3850.492,65.0,V I
3850.826,222.0,Fe I
3851.291,102.0,CN
3852.217,63.0,Cr I
3852.579,148.0,Fe I
3853.203,82.0,Cr I
3853.732,58.0,T I
3854.211,81.0,CN
3854.571,189.0,CN
3854.854,84.0,CN
3855.412,151.0,V I
3855.851,96.0,Fe I
3856.381,648.0,Fe I
3857.154,54.0,CN
3857.667,149.0,Cr I
3857.819,73.0,CN
3858.303,202.0,N I
3858.917,131.0,CN
3859.28,108.0,CN
3859.922,1554.0,Fe I
3860.626,61.0,CN
3861.167,104.0,Co I
3861.547,250.0,CN
3861.837,51.0,CN
3862.494,84.0,CN
3863.068,41.0,N I
3863.701,157.0,Fe I
3864.111,46.0,Mo I
3864.492,68.0,CN
3864.874,78.0,V I
3865.533,377.0,Fe I
3866.104,39.0,CN
3866.393,67.0,CN
3867.224,110.0,Fe I
3867.627,87.0,CN
3867.863,100.0,CN
3868.741,80.0,CN
3869.173,88.0,CN
3869.612,154.0,Fe I
3870.072,95.0,CN
3870.664,53.0,CN
3870.887,85.0,CN
3871.392,764.0,CN
3871.758,132.0,Fe I
3872.51,612.0,Fe I
3873.133,135.0,Co I
3873.502,97.0,CN
3874.06,116.0,Fe I
3874.726,87.0,CN
3875.085,74.0,V I
3875.546,45.0,Sm I
3876.051,141.0,Fe I
3876.486,64.0,CN
3876.845,91.0,CN
3877.451,76.0,CN
3878.027,555.0,Fe I
3878.58,724.0,Fe I
3878.838,26.0,CN
3879.257,122.0,CN
3880.038,100.0,CN
3880.394,139.0,CN
3881.04,121.0,CN
3881.307,147.0,CN
3882.085,136.0,CN
3882.3,141.0,T I
3882.847,140.0,CN
3883.287,228.0,Cr I
3884.097,5.5,T I
3884.369,136.0,Fe I
3885.151,28.0,Fe I
3885.519,87.0,Fe I
3885.865,6.5,N I
3886.428,11.0,Fe I
3887.059,219.0,Fe I
3887.372,8.0,T I
3888.041,9.0,T I
3888.524,265.0,He I
3889.05,2346.0,H 8
3889.676,42.0,Ni I
3889.929,55.0,Fe I
3890.568,38.0,CH
3890.849,64.0,Fe I
3891.934,88.0,Fe I
3892.591,49.0,CH
3892.898,78.0,Fe I
3893.402,182.0,Fe I
3893.92,70.0,Fe I
3894.493,33.0,Fe I
3894.986,78.0,Co I
3895.448,87.0,Fe I
3895.794,361.0,Mg I
3896.622,27.0,Fe I
3896.781,21.0,N I
3897.458,83.0,Fe I
3898.014,158.0,Fe I
3898.394,74.0,CH
3899.036,85.0,Fe I
3899.719,436.0,Fe I
3900.224,16.0,Nd I
3900.66,20.0,Al I
3900.963,37.0,T I
3901.598,62.0,CH
3901.866,71.0,CH
3902.262,61.0,V I
3903.161,18.0,Cr I
3903.257,40.0,V I
3903.854,224.0,Mg I
3904.63,20.0,N I
3904.79,60.0,T I
3905.532,816.0,Si I
3905.905,61.0,CH
3906.49,164.0,Fe I
3906.752,77.0,Fe I
3907.478,73.0,Sc I
3907.94,82.0,Fe I
3908.685,98.0,Fe I
3908.928,63.0,N I
3909.668,89.0,Fe I
3909.837,115.0,Fe I
3910.534,114.0,CH
3910.849,86.0,Fe I
3911.701,34.0,Fe I
3911.825,60.0,Sc I
3912.294,63.0,N I
3912.981,51.0,N I
3913.47,138.0,Ti II
3914.013,53.0,CH
3914.338,133.0,Fe II
3915.218,46.0,Fe I
3915.612,78.0,CH
3915.811,110.0,CH
3916.737,90.0,Fe I
3917.124,151.0,Co I
3917.591,23.0,Cr I
3918.113,4.5,Hf I
3918.324,190.0,Fe I
3919.168,2.5,Cr I
3919.817,8.0,Ce I
3920.269,341.0,Fe I
3921.049,125.0,Cr I
3921.556,79.0,CH
3922.084,24.0,Fe I
3922.421,34.0,Sm I
3922.923,414.0,Fe I
3923.502,11.0,Sc I
3924.067,20.0,Mn I
3924.533,68.0,T I
3925.209,70.0,Fe I
3925.651,74.0,Fe I
3925.949,86.0,Fe I
3926.458,34.0,Mn I
3927.0,187.0,Fe I
3928.217,68.0,CH
3928.345,46.0,CH
3929.223,37.0,Fe I
3929.724,20.0,V I
3929.885,37.0,T I
3930.308,108.0,Fe I
3931.342,3.0,V I
3932.018,10.0,T I
3932.637,10.0,Fe I
3932.915,1.5,Fe I
3933.682,20253.0,Ca II K
3934.366,6.0,Fe I
3935.645,11.0,CH
3935.826,35.0,Fe I
3936.557,7.0,Fe I
3937.336,38.0,Fe I
3938.018,3.5,Fe I
3938.409,71.0,Mg I
3938.865,6.5,Co I
3939.518,3.5,Sc I
3940.041,28.0,Fe I
3940.358,9.5,Ce I
3940.89,84.0,Co I
3941.284,60.0,Fe I
3941.856,25.0,Ni I
3942.448,72.0,Fe I
3943.182,22.0,Fe I
3943.348,52.0,Fe I
3944.016,488.0,Al I
3944.744,73.0,Fe I
3945.127,79.0,Fe I
3945.332,68.0,Co I
3945.961,10.0,Cr I
3947.002,83.0,Fe I
3947.538,86.0,Fe I
3948.109,99.0,Fe I
3948.68,94.0,Ti I
3949.061,89.0,Ca I
3949.605,6.5,Cr I
3949.959,103.0,Fe I
3950.358,55.0,Y II
3951.081,126.0,Cr I
3951.626,22.0,Fe I
3951.964,63.0,V I
3952.545,133.0,Ce I
3952.982,159.0,CH
3953.502,40.0,Fe I
3953.861,51.0,Fe I
3954.54,37.0,N I
3955.219,38.0,Fe I
3955.343,107.0,Fe I
3955.963,64.0,Fe I
3956.686,133.0,Fe I
3957.041,123.0,Fe I
3957.629,35.0,Fe I
3958.216,86.0,Ti I
3958.74,31.0,Fe I
3958.87,3.5,Rh I
3959.453,4.5,Fe I
3960.284,50.0,Fe I
3961.149,44.0,Fe I
3961.535,621.0,Al I
3962.179,41.0,CH
3962.722,22.0,Fe I
3963.115,81.0,Fe I
3963.691,56.0,Cr I
3964.19,15.0,N I
3964.526,53.0,Fe I
3965.23,3.5,Co I
3965.516,39.0,Fe I
3966.073,66.0,Fe I
3966.639,44.0,Fe I
3966.824,11.0,Fe I
3967.431,19.0,Fe I
3967.975,7.0,Fe I
3968.492,15467.0,Ca II H
3969.06,5.0,Cr I
3969.268,52.0,Fe I
3970.075,50.0,H$\epsilon$
3970.399,29.0,Fe I
3971.007,16.0,Fe I
3971.332,56.0,Fe I
3972.173,51.0,N I
3972.44,44.0,CH
3972.916,17.0,Fe I
3973.715,101.0,Ca I
3973.916,30.0,Fe I
3974.398,61.0,Fe I
3974.763,89.0,Fe I
3975.691,1.5,T I
3975.845,43.0,Fe I
3976.632,162.0,Fe I
3976.868,64.0,Fe I
3977.747,104.0,Fe I
3978.667,68.0,Co I
3978.855,10.0,Co I
3979.522,67.0,Co I
3980.012,21.0,Fe I
3980.522,3.5,V I
3981.105,32.0,Fe I
3981.616,21.0,Fe I
3981.775,101.0,Fe I
3982.598,62.0,Mn I
3983.198,57.0,CH
3983.54,35.0,Fe I
3983.921,155.0,Cr I
3984.665,55.0,Ce I
3984.941,37.0,Fe I
3985.392,99.0,Fe I
3986.18,82.0,Fe I
3986.37,9.0,N I
3986.76,267.0,Mg I
3987.612,52.0,T I
3987.966,18.0,Yb I
3988.516,44.0,La I
3988.992,69.0,Fe I
3989.607,17.0,Fe I
3989.768,105.0,T I
3990.379,74.0,Fe I
3991.121,74.0,Cr I
3991.834,8.0,Co I
3992.643,13.0,Fe I
3992.828,65.0,V I
3993.612,19.0,Fe I
3994.119,80.0,Fe I
3994.684,62.0,Ti I
3994.81,15.0,Pr I
3995.751,38.0,La I
3996.264,47.0,Fe I
3996.971,70.0,Fe I
3997.482,170.0,Fe I
3998.058,115.0,Fe I
3998.643,110.0,Ti I
3999.243,16.0,Ce I
3999.344,12.0,T I
4000.023,8.0,Fe I
4000.465,78.0,Fe I
4000.973,5.5,Cr I
4001.449,68.0,Cr I
4002.077,38.0,Fe I
4002.503,34.0,T I
4002.929,61.0,V I
4003.275,10.0,Mn I
4003.769,70.0,Fe I
4004.838,83.0,Fe I
4005.254,416.0,Fe I
4006.156,54.0,N I
4006.633,93.0,Fe I
4006.825,102.0,CH
4007.279,86.0,Fe I
4008.06,28.0,Ti I
4008.602,14.0,Sc I
4008.93,106.0,T I
4009.66,122.0,T I
4010.179,36.0,Fe I
4010.588,68.0,Fe I
4010.78,56.0,Fe I
4011.718,50.0,Fe I
4012.158,33.0,Fe I
4012.253,39.0,Ce II
4013.232,7.0,Ti I
4013.582,83.0,T I
4013.816,102.0,Fe I
4014.272,50.0,Fe I
4014.934,34.0,Ce I
4015.38,23.0,T I
4016.092,5.0,Ca I
4016.423,68.0,Fe I
4017.1,149.0,Fe I
4017.471,86.0,N I
4018.104,139.0,Mn I
4018.271,92.0,Mn I
4019.053,49.0,N I
4019.297,18.0,Co I
4020.193,107.0,CH
4020.397,56.0,Sc I
4020.905,80.0,Co I
4021.623,68.0,Fe I
4021.87,121.0,Fe I
4022.745,52.0,Fe I
4023.011,18.0,Nd I
4023.384,67.0,V I
4024.1,66.0,Fe I
4024.732,104.0,Fe I
4025.134,84.0,T I
4025.308,14.0,CH
4026.168,43.0,Cr I
4026.436,53.0,Mn I
4027.104,67.0,Cr I
4027.672,49.0,N I
4027.943,28.0,CH
4028.346,90.0,Ti II
4028.763,43.0,Fe I
4029.642,108.0,Fe I
4030.19,64.0,Fe I
4030.497,92.0,Fe I
4030.763,326.0,Mn I
4031.34,12.0,Ce I
4031.969,69.0,Fe I
4032.463,75.0,Fe I
4033.186,60.0,Fe I
4033.588,46.0,Fe I
4034.232,50.0,CH
4034.492,213.0,Mn I
4034.87,28.0,T I
4035.732,216.0,Mn I
4035.984,16.0,Fe I
4036.377,24.0,Fe I
4037.121,44.0,Fe I
4037.688,22.0,Fe I
4037.913,4.5,Gd I
4038.627,26.0,Fe I
4038.795,64.0,Fe I
4039.574,9.0,V I
4040.097,61.0,Fe I
4040.647,78.0,Fe I
4040.79,39.0,Ce I
4041.283,168.0,Fe I
4041.914,13.0,Fe I
4042.592,13.0,Ce I
4042.907,18.0,Sm I
4043.346,24.0,CH
4043.906,146.0,Fe I
4044.615,105.0,Fe I
4045.115,50.0,Fe I
4045.39,48.0,Co I
4045.825,1174.0,Fe I
4046.459,19.0,Fe I
4046.76,7.5,Cr I
4047.31,41.0,Fe I
4048.072,24.0,CH
4048.4,7.0,Fe I
4048.753,138.0,Mn I
4049.336,62.0,Fe I
4049.862,11.0,Gd I
4050.68,57.0,Fe I
4051.187,21.0,Ni I
4051.337,33.0,V I
4051.918,79.0,Fe I
4052.456,96.0,Fe I
4052.94,32.0,Ti I
4053.271,61.0,Fe I
4053.824,65.0,Ti II
4054.442,28.0,Fe I
4054.815,135.0,Fe I
4055.551,114.0,Mn I
4056.195,30.0,T I
4056.347,38.0,Fe I
4057.218,57.0,Co I
4057.515,197.0,Mg I
4057.813,16.0,Pb I
4058.598,29.0,Co I
4058.931,89.0,Mn I
4059.722,70.0,Fe I
4059.966,6.0,Nd I
4060.269,34.0,T I
4061.733,64.0,Mn I
4062.232,6.0,Ce I
4062.447,98.0,Fe I
4063.605,787.0,Fe I
4064.05,28.0,Fe I
4064.456,64.0,Fe I
4065.087,52.0,V II
4065.388,64.0,Fe I
4066.22,25.0,CH
4066.59,80.0,Fe I
4066.984,130.0,Fe I
4067.28,96.0,Fe I
4067.988,133.0,Fe I
4068.544,27.0,Cr I
4069.07,48.0,Fe I
4069.61,34.0,Fe I
4070.036,11.0,Fe I
4070.281,66.0,Mn I
4070.777,94.0,Fe I
4071.749,723.0,Fe I
4072.512,63.0,Fe I
4072.888,6.0,N I
4073.486,18.0,Ce I
4073.767,90.0,Fe I
4077.347,,La II
4078.475,56.0,T I
4079.184,144.0,Fe I
4079.416,104.0,Mn I
4079.843,94.0,Fe I
4080.437,5.0,Hf I
4080.88,61.0,Fe I
4082.115,76.0,Fe I
4082.439,82.0,Fe I
4082.943,94.0,Mn I
4083.565,181.0,Fe I
4083.763,71.0,Fe I
4084.501,156.0,Fe I
4085.013,107.0,Fe I
4085.574,10.0,Gd I
4085.984,55.0,Fe I
4086.316,104.0,Co I
4087.101,81.0,Ca XIII
4087.601,8.0,Cr I
4087.798,19.0,Fe I
4088.564,56.0,Fe I
4089.224,62.0,Fe I
4089.598,3.0,Cr I
4090.081,70.0,Fe I
4090.573,56.0,V I
4090.959,57.0,Fe I
4091.999,8.5,Ca I
4092.669,115.0,Ca I
4092.825,12.0,Ca I
4093.48,4.0,V I
4094.2,3.5,Tm I
4094.698,23.0,CH
4094.938,100.0,Ca I
4095.268,40.0,Mn I
4095.981,99.0,Fe I
4096.643,45.0,Zr I
4097.016,95.0,Fe I
4097.65,19.0,Cr I
4098.183,113.0,Fe I
4098.594,111.0,Ca I
4099.048,19.0,Fe I
4100.165,58.0,Fe I
4100.747,82.0,Fe I
4100.914,9.5,Pr I
4101.272,47.0,Fe I
4102.167,15.0,V I
4102.38,5.0,Y I
4102.943,106.0,S I
4103.611,28.0,Fe I
4104.133,100.0,Fe I
4104.465,29.0,Fe I
4105.164,61.0,V I
4105.356,15.0,Mn I
4106.05,1.5,Cr I
4106.432,74.0,Fe I
4107.492,125.0,Fe I
4108.134,39.0,Fe I
4108.532,80.0,Ca I
4109.062,75.0,Fe I
4109.45,39.0,Nd II
4110.042,11.0,Zr I
4110.537,97.0,Co I
4110.867,65.0,Mn I
4111.358,42.0,Cr I
4111.787,106.0,V I
4112.323,69.0,Fe I
4112.958,114.0,Fe I
4113.528,8.0,V I
4114.118,16.0,CN
4114.451,100.0,Fe I
4115.177,98.0,V I
4115.376,11.0,Ce I
4115.98,35.0,N I
4116.481,58.0,V I
4116.957,34.0,Fe I
4117.741,8.0,Fe I
4118.153,27.0,Ce I
4118.555,154.0,Fe I
4118.782,148.0,Co I
4119.4,72.0,Fe I
4120.048,8.5,T I
4120.622,21.0,Cr I
4120.838,13.0,Ce I
4121.325,125.0,Co I
4121.81,94.0,Fe I
4122.523,86.0,Fe I
4123.234,54.0,La I
4123.514,73.0,V I
4123.753,109.0,Fe I
4124.489,31.0,Fe I
4124.915,18.0,Y I
4125.626,100.0,Fe I
4126.191,113.0,Fe I
4126.519,47.0,Cr I
4126.918,7.0,Cr I
4127.537,121.0,T I
4128.098,107.0,V I
4128.742,50.0,Fe II
4128.88,10.0,Fe II
4129.463,57.0,Fe I
4130.038,64.0,Fe I
4130.657,45.0,Ba I
4131.117,49.0,Mn I
4131.348,21.0,Cr I
4132.067,404.0,Fe I
4132.538,77.0,Fe I
4132.908,123.0,Fe I
4133.61,48.0,Fe I
4133.858,108.0,Fe I
4134.438,186.0,Fe I
4135.037,38.0,Mn I
4135.297,26.0,Rh I
4135.76,22.0,Fe I
4136.527,73.0,Fe I
4137.005,104.0,Fe I
4137.415,59.0,Fe I
4138.494,13.0,N I
4139.089,27.0,CN
4139.371,14.0,CH
4139.936,86.0,Fe I
4140.457,10.0,Fe I
4140.755,18.0,CN
4141.652,19.0,CN
4141.871,68.0,Fe I
4142.588,70.0,Fe I
4142.944,28.0,V I
4143.416,134.0,Fe I
4143.878,466.0,Fe I
4145.201,38.0,Fe I
4145.559,32.0,CH
4146.068,72.0,Fe I
4147.213,15.0,CN
4147.675,110.0,Fe I
4148.493,13.0,CN
4149.202,62.0,Zr II
4149.37,111.0,Zr II
4149.765,67.0,Fe I
4150.254,75.0,Fe I
4150.97,43.0,Ti I
4151.3,5.0,Fe I
4152.176,107.0,Fe I
4152.317,16.0,CN
4152.766,22.0,Cr I
4153.389,36.0,CH
4153.906,138.0,Fe I
4154.505,126.0,CH
4154.814,120.0,Fe I
4155.428,6.5,CN
4155.915,35.0,Fe I
4156.307,103.0,Fe I
4156.806,126.0,Fe I
4158.081,56.0,CN
4158.376,34.0,Fe I
4159.24,114.0,CH
4159.645,13.0,Ti I
4160.246,19.0,CN
4160.559,30.0,Fe I
4161.208,58.0,Zr II
4161.517,96.0,Fe I
4161.799,30.0,Sr I
4162.66,34.0,CH
4162.984,3.0,CN
4163.654,107.0,Ti II
4164.02,15.0,V I
4164.642,19.0,N I
4165.119,41.0,Mg I
4165.391,84.0,Fe I
4165.999,9.0,Ba I
4166.352,20.0,Zr I
4166.965,37.0,N I
4167.277,200.0,Mg I
4167.968,67.0,Fe I
4168.62,51.0,Fe I
4168.95,55.0,Fe I
4169.615,54.0,CH
4169.765,52.0,Fe I
4170.635,8.0,Cr I
4170.912,97.0,Fe I
4172.131,99.0,Fe I
4172.644,108.0,Fe I
4172.975,49.0,Fe I
4173.323,76.0,Fe II
4173.933,85.0,Fe I
4174.405,33.0,Fe I
4174.917,103.0,Fe I
4175.643,110.0,Fe I
4176.577,124.0,Fe I
4177.08,27.0,Fe I
4177.537,151.0,Y I
4178.059,83.0,Fe I
4178.382,25.0,CN
4178.859,79.0,Fe II
4179.383,126.0,V I
4179.811,14.0,Zr I
4180.571,6.5,CN
4181.189,13.0,Fe I
4181.551,62.0,Fe I
4181.764,148.0,Fe I
4182.387,88.0,Fe I
4182.763,63.0,Fe I
4183.457,78.0,V I
4184.312,76.0,Ti II
4184.9,97.0,Fe I
4185.364,14.0,Cr I
4186.126,42.0,T I
4186.622,95.0,Ce II
4187.047,204.0,Fe I
4187.594,76.0,Fe I
4188.737,120.0,Fe I
4188.978,72.0,N I
4189.565,70.0,Fe I
4190.13,25.0,Cr I
4190.396,10.0,V I
4190.893,11.0,V I
4191.437,181.0,Fe I
4192.016,52.0,CN
4192.572,66.0,CH
4192.908,9.0,CN
4193.621,46.0,Fe I
4193.811,23.0,CN
4194.736,42.0,CN
4194.848,65.0,CH
4195.34,127.0,Fe I
4196.214,98.0,Fe I
4196.542,67.0,Fe I
4197.1,66.0,Fe I
4197.64,23.0,CN
4198.068,93.0,Fe I
4198.33,234.0,Fe I
4199.105,183.0,Fe I
4199.372,22.0,Fe I
4199.99,79.0,Fe I
4200.601,56.0,CH
4200.932,96.0,Fe I
4201.715,65.0,Ni I
4202.04,326.0,Fe I
4202.348,63.0,V II
4202.759,58.0,Fe I
4203.574,53.0,Fe I
4203.942,123.0,Fe I
4204.461,13.0,Cr I
4204.753,82.0,CH
4205.544,89.0,Fe I
4205.886,5.0,CN
4206.702,122.0,Fe I
4207.133,84.0,Fe I
4207.408,59.0,CH
4208.104,4.5,CN
4208.608,98.0,Fe I
4208.784,9.5,CN
4209.602,30.0,CH
4209.826,64.0,V I
4210.335,183.0,Fe I
4210.967,100.0,CH
4211.349,20.0,Cr I
4211.895,65.0,Zr I
4212.642,93.0,CH
4213.16,15.0,CN
4213.653,90.0,Fe I
4213.909,45.0,CH
4214.363,11.0,CN
4214.834,21.0,CN
4215.539,233.0,Sr II
4216.191,130.0,Fe I
4216.599,49.0,CH
4217.214,102.0,CH
4217.559,128.0,Fe I
4218.224,44.0,Fe I
4218.725,78.0,CH
4218.92,3.0,Fe I
4219.355,146.0,Fe I
4220.051,48.0,V II
4220.347,87.0,Fe I
4221.469,54.0,CH
4222.221,180.0,Fe I
4222.602,22.0,Ce I
4223.091,66.0,CH
4223.574,67.0,CH
4224.178,135.0,Fe I
4224.3,32.0,Zr I
4224.86,91.0,CH
4225.461,120.0,Fe I
4225.962,74.0,Fe I
4226.74,1476.0,Ca I
4227.44,185.0,Fe I
4227.944,54.0,CH
4228.72,24.0,Fe I
4229.52,81.0,Fe I
4229.914,67.0,CH
4230.575,29.0,Fe I
4231.026,95.0,Ni XII
4232.204,12.0,V I
4232.734,58.0,Fe I
4233.169,139.0,Fe II
4233.612,298.0,Fe I
4234.01,13.0,V I
4234.547,18.0,V I
4235.144,64.0,Mn I
4235.291,91.0,Mn I
4235.949,385.0,Fe I
4236.263,86.0,CH
4237.182,161.0,Fe I
4237.677,25.0,Fe I
4238.029,111.0,Fe I
4238.395,41.0,CH
4238.757,155.0,Fe I
4239.733,78.0,CH
4239.848,132.0,Fe I
4240.38,101.0,Fe I
4241.123,50.0,Fe I
4241.521,12.0,CH
4242.162,45.0,Tm I
4242.379,160.0,Cr I
4243.203,55.0,CH
4243.365,151.0,CH
4244.403,14.0,CH
4245.082,28.0,CH
4245.264,118.0,Fe I
4246.089,95.0,Fe I
4246.418,3.5,Cr I
4246.837,171.0,Sc II
4247.432,162.0,Fe I
4248.231,97.0,Fe I
4248.726,81.0,CH
4248.944,70.0,CH
4249.637,91.0,CH
4250.13,342.0,Fe I
4250.797,400.0,Mo II
4251.628,7.5,T I
4252.055,18.0,Ni I
4252.306,32.0,Cr I
4252.756,50.0,CH
4253.735,36.0,CH
4253.912,63.0,CH
4254.346,393.0,Cr I
4254.979,108.0,Fe I
4255.251,69.0,CH
4255.839,83.0,CH
4256.316,23.0,Fe I
4256.812,33.0,Fe I
4257.661,56.0,Mn I
4258.0,82.0,Fe I
4258.324,82.0,Fe I
4258.959,50.0,Fe I
4259.305,59.0,V I
4260.004,86.0,Fe I
4260.733,50.0,Fe I
4261.223,64.0,CH
4261.531,68.0,CH
4261.935,107.0,Cr I
4262.71,31.0,CH
4263.142,47.0,T I
4263.608,37.0,CH
4264.217,102.0,Fe I
4264.741,86.0,Fe I
4264.925,24.0,Zr I
4265.679,25.0,Ti I
4265.925,61.0,Mn I
4266.742,44.0,CH
4266.968,81.0,Fe I
4267.389,60.0,CH
4268.112,76.0,CH
4268.628,23.0,V I
4268.756,69.0,Fe I
4269.478,39.0,CH
4269.849,76.0,CH
4270.724,22.0,Ce I
4271.057,240.0,CH
4271.374,42.0,CH
4271.774,756.0,Fe I
4272.544,39.0,Fe I
4273.332,90.0,Fe I
4273.942,114.0,CH
4274.596,69.0,Ti I
4274.806,196.0,Cr I
4275.386,104.0,CH
4276.103,20.0,CH
4276.68,57.0,Fe I
4276.995,42.0,V I
4277.535,72.0,CH
4278.235,73.0,Fe I
4278.689,11.0,Mn I
4278.853,46.0,CH
4279.72,93.0,CH
4280.22,70.0,CH
4280.403,61.0,Cr I
4281.1,77.0,Mn I
4281.376,20.0,T I
4281.972,76.0,CH
4282.412,146.0,Fe I
4283.014,133.0,Ca I
4283.411,7.0,Fe I
4284.228,86.0,CH
4284.686,50.0,N I
4285.008,75.0,CH
4285.45,120.0,Fe I
4286.015,119.0,T I
4286.477,114.0,Fe I
4286.884,54.0,Fe I
4287.412,57.0,T I
4287.884,90.0,T I
4288.736,75.0,CH
4288.962,74.0,Fe I
4289.729,230.0,Cr I
4290.226,117.0,Ti II
4290.384,62.0,Ti II
4290.956,137.0,T I
4292.129,95.0,CH
4292.671,3.5,T I
4293.036,136.0,CH
4293.556,14.0,Cr I
4294.142,217.0,Fe I
4294.623,31.0,Sc II
4295.226,107.0,CH
4295.757,55.0,Ti I
4296.584,105.0,Fe I
4296.956,110.0,CH
4297.291,90.0,CH
4298.036,111.0,Fe I
4298.676,76.0,T I
4299.249,212.0,Fe I
4299.645,82.0,Ti I
4300.053,166.0,Ti II
4300.318,87.0,CH
4301.103,179.0,T I
4301.749,59.0,Ti II
4301.927,128.0,Ti II
4302.539,165.0,Ca I
4303.177,103.0,Fe II
4303.426,72.0,Nd II
4303.937,119.0,CH
4304.571,108.0,Fe I
4305.11,82.0,CH
4305.456,124.0,Fe I
4305.918,156.0,Ti I
4306.701,95.0,CH
4306.855,120.0,CH
4307.564,82.0,CH
4308.595,98.0,CH
4309.04,131.0,Fc I
4309.383,126.0,Fe I
4310.106,108.0,C I
4310.467,126.0,Fe I
4310.984,104.0,CH
4311.509,171.0,CH
4312.086,141.0,CH
4312.564,99.0,Mn I
4312.875,153.0,Ti I
4313.631,81.0,CH
4314.221,24.0,CH
4314.314,66.0,Fe I
4315.098,153.0,Ti II
4316.083,11.0,Gd I
4316.559,1.5,Fe I
4316.802,38.0,T I
4317.321,13.0,Zr I
4317.903,1.5,Cr I
4318.659,116.0,Ca I
4318.796,18.0,Fe I
4319.636,15.0,Fe I
4320.143,6.0,Fe I
4320.749,94.0,Sc II
4320.958,63.0,Ti II
4321.658,26.0,Ti I
4321.798,50.0,Fe I
4322.505,12.0,La I
4323.226,101.0,CH
4323.512,105.0,CH
4323.851,113.0,CH
4324.412,73.0,CH
4324.998,117.0,Fe I
4325.356,49.0,CH
4325.775,793.0,Fe I
4326.357,22.0,T I
4327.157,83.0,CH
4327.917,69.0,Fe I
4328.61,34.0,CH
4329.038,12.0,Sm I
4329.289,30.0,CH
4330.245,38.0,T I
4330.708,64.0,T I
4330.956,42.0,Fe I
4331.651,56.0,Ni I
4332.006,5.0,CH
4332.583,29.0,Cr I
4332.918,36.0,CH
4333.763,35.0,La I
4334.672,16.0,CH
4334.8,16.0,CH
4335.274,31.0,CH
4335.783,5.0,Fe I
4336.273,2.5,Ce I
4337.055,120.0,Fe I
4337.566,88.0,Cr I
4337.925,89.0,Ti II
4338.271,54.0,Fe I
4339.01,7.0,CH
4339.456,82.0,Cr I
4340.0,16.0,V I
4340.475,2855.0,H$\gamma$
4341.25,6.5,Fe I
4341.371,53.0,T I
4341.924,14.0,CH
4342.99,6.0,CH
4343.268,112.0,Fe I
4343.968,44.0,CH
4344.511,98.0,Cr I
4344.891,32.0,Fe I
4345.895,23.0,CH
4346.561,68.0,Fe I
4347.242,41.0,Fe I
4347.545,37.0,CH
4347.841,65.0,Fe I
4348.338,50.0,CH
4348.947,58.0,Fe I
4350.249,28.0,CH
4350.585,36.0,Fe I
4351.056,90.0,Cr I
4351.71,133.0,CH
4351.921,283.0,Mg I
4352.743,142.0,Fe I
4352.88,67.0,V I
4353.435,9.5,CH
4353.948,24.0,Cr I
4354.615,70.0,Se II
4355.093,104.0,Ca I
4355.704,48.0,CH
4356.0,73.0,CH
4356.367,55.0,CH
4357.152,4.0,Co I
4357.514,38.0,Cr I
4358.17,38.0,Nd I
4358.512,95.0,Fe I
4358.82,53.0,Y II
4359.623,139.0,Ni I
4359.983,9.5,Cr I
4360.48,59.0,Ti I
4360.797,51.0,Fe I
4361.252,29.0,Fe I
4362.099,29.0,N I
4362.533,53.0,CH
4363.108,72.0,CH
4363.293,60.0,CH
4364.189,53.0,CH
4364.663,12.0,Ce I
4364.871,1.0,Cr I
4365.725,1.0,V I
4365.904,48.0,Fe I
4366.675,72.0,CH
4366.908,14.0,Fe I
4367.594,143.0,Fe I
4367.912,90.0,Fe I
4368.303,26.0,Cr I
4368.92,1.5,Ti I
4370.154,27.0,CH
4370.292,26.0,CH
4371.062,78.0,CH
4371.286,110.0,Cr I
4372.201,6.0,Ru I
4372.743,32.0,CH
4372.844,69.0,CH
4373.568,65.0,Fe I
4374.226,108.0,CH
4374.472,110.0,Sc I
4374.944,88.0,Y II
4375.658,69.0,CH
4375.944,152.0,Fe I
4376.405,25.0,CH
4377.234,87.0,CH
4377.374,32.0,Fe I
4377.793,39.0,Fe I
4378.255,83.0,CH
4379.238,110.0,V I
4380.067,68.0,Ce I
4380.724,92.0,CH
4380.852,36.0,CH
4381.709,7.5,Mn I
4381.885,13.0,CH
4382.521,32.0,CH
4382.764,79.0,CH
4383.557,,Fe I
4384.12,22.0,CH
4384.712,110.0,V I
4384.983,80.0,Cr I
4385.611,10.0,CH
4386.063,43.0,CH
4386.694,23.0,CH
4386.853,59.0,T I
4387.497,61.0,Cr I
4388.101,26.0,T I
4388.414,103.0,Fe I
4388.87,47.0,CH
4389.253,67.0,Fe I
4389.988,84.0,V I
4390.461,53.0,Fe I
4390.966,92.0,Fe I
4391.668,44.0,Ce I
4391.768,67.0,Cr I
4392.587,37.0,Fe I
4393.025,27.0,CH
4393.524,71.0,CH
4394.068,72.0,T I
4394.304,2.0,Fe I
4395.04,135.0,Ti II
4395.289,100.0,Fe I
4395.848,61.0,T I
4396.309,36.0,CH
4396.961,45.0,CH
4398.02,46.0,Y I
4398.491,34.0,CH
4399.224,5.5,Ce I
4399.602,32.0,Ti II
4399.778,115.0,Ti II
4400.398,85.0,Sc I
4400.858,42.0,Nd I
4401.552,115.0,N I
4402.685,4.0,Co I
4402.841,18.0,CH
4403.374,46.0,Cr I
4404.101,12.0,Fe I
4404.277,35.0,Ti I
4404.761,898.0,Fe I
4405.732,25.0,T I
4406.157,23.0,CH
4406.652,78.0,V I
4407.706,146.0,Fe I
4408.208,74.0,V I
4408.425,130.0,Fe I
4409.128,51.0,Fe I
4409.526,33.0,T I
4410.014,25.0,CH
4410.525,51.0,N I
4411.082,56.0,T I
4411.59,4.5,Mo I
4411.884,55.0,Mn I
4412.257,29.0,Cr I
4413.0,,Ar XIV
4413.399,7.5,Fe I
4413.853,29.0,Cr I
4414.554,23.0,Zr I
4415.135,417.0,Fe I
4415.563,86.0,Sc I
4416.16,6.5,Fe I
4416.475,36.0,V I
4416.828,77.0,Fe I
4417.723,96.0,T I
4418.342,70.0,T I
4418.785,17.0,Ce I
4419.273,16.0,Fe I
4419.778,18.0,Fe I
4420.287,34.0,Fe I
4421.125,10.0,Sm I
4421.573,35.0,V I
4421.944,51.0,T I
4422.576,117.0,Fe I
4423.14,59.0,Fe I
4423.265,37.0,Na I
4423.847,53.0,Fe I
4424.294,41.0,Cr I
4424.811,9.5,N I
4425.444,145.0,Ca I
4426.04,38.0,V I
4426.458,14.0,Cr I
4427.105,64.0,T I
4427.317,147.0,Fe I
4427.916,12.0,Ti I
4428.549,35.0,Fe I
4429.203,15.0,Fe I
4429.288,11.0,Ce I
4430.197,68.0,Fe I
4430.622,115.0,Fe I
4431.036,24.0,N I
4431.36,30.0,Sc II
4432.169,37.0,Cr I
4432.575,47.0,Fe I
4433.396,19.0,Fe I
4433.788,73.0,Fe I
4434.655,19.0,S I
4434.967,171.0,Ca I
4435.688,127.0,Ca I
4436.145,34.0,V I
4436.356,70.0,Mn I
4436.951,75.0,Fe I
4437.567,22.0,N I
4437.842,27.0,V I
4438.349,45.0,Fe I
4439.642,22.0,Fe I
4439.888,47.0,Fe I
4440.482,46.0,Fe I
4440.827,47.0,Fe I
4441.555,20.0,Fe I
4441.964,13.0,Fe I
4442.349,171.0,Fe I
4443.201,95.0,Fe I
4443.812,124.0,Ti II
4444.562,50.0,T I
4445.479,30.0,Fe I
4445.849,5.0,Zr I
4446.399,8.5,Nd I
4446.843,71.0,Fe I
4447.728,177.0,Fe I
4449.15,53.0,Ti I
4449.341,15.0,Ce I
4450.235,5.5,Ni I
4450.491,79.0,T I
4450.901,45.0,T I
4451.588,90.0,Mn I
4451.833,22.0,V I
4452.617,26.0,Fe I
4453.006,46.0,Mn I
4453.321,59.0,Ti I
4454.388,84.0,Fe I
4454.793,176.0,Ca I
4455.32,79.0,Mn I
4455.893,106.0,Ca I
4456.627,66.0,Ca I
4457.043,38.0,Mn I
4457.547,56.0,Mn I
4458.088,61.0,Fe I
4458.255,66.0,Mn I
4459.042,190.0,N I
4459.755,48.0,Cr I
4460.301,100.0,V I
4461.084,63.0,Mn I
4461.66,116.0,Fe I
4462.204,31.0,Fe I
4462.461,62.0,N I
4462.993,13.0,Nd I
4463.407,41.0,T I
4464.685,94.0,Mn I
4464.774,41.0,Fe I
4465.358,20.0,Cr I
4465.814,30.0,Ti I
4466.562,125.0,Fe I
4466.94,48.0,Fe I
4467.555,11.0,Cr I
4467.999,8.0,V I
4468.5,120.0,Ti II
4469.154,49.0,T I
4469.278,110.0,Fe I
4470.138,49.0,Mn I
4470.485,69.0,Ni I
4470.858,54.0,T I
4471.682,19.0,He I
4471.81,6.5,Fe I
4472.723,63.0,Fe I
4472.802,33.0,Mn I
4473.764,5.5,Cr I
4474.569,12.0,Mo I
4474.859,18.0,T I
4476.05,,Fe I
4481.2,,Mg II
4485.976,18.0,Fe I
4486.914,11.0,Ce I
4487.747,15.0,Fe I
4488.138,46.0,Fe I
4488.329,45.0,T I
4489.184,61.0,Fe I
4489.748,81.0,Fe I
4490.089,67.0,Fe I
4490.543,20.0,Ni I
4490.781,76.0,Fe I
4491.408,66.0,Fe I
4491.852,10.0,Cr I
4492.688,29.0,Fe I
4493.53,26.0,T I
4494.062,32.0,Fe I
4494.573,139.0,Fe I
4495.008,12.0,Ti I
4495.575,24.0,Fe I
4496.157,39.0,T I
4496.86,79.0,Cr I
4497.68,27.0,Na I
4498.732,21.0,Cr I
4498.9,48.0,Mn I
4499.501,2.0,Sm I
4500.288,39.0,Cr I
4501.102,27.0,Ti II
4501.278,111.0,Ti II
4502.221,49.0,Mn I
4502.6,21.0,Fe I
4503.761,8.0,Ti I
4504.838,46.0,Fe I
4505.73,1.0,T I
4506.326,9.0,N I
4506.842,9.5,Cr I
4507.395,7.5,Ca I
4508.011,6.0,T I
4508.289,,Fe II
4509.128,2.0,Fe I
4509.742,34.0,Cr I
4510.178,1.5,Pr I
4510.83,8.0,Fe I
4511.31,2.0,In I
4511.9,31.0,Cr I
4512.741,55.0,Ti I
4512.997,16.0,N I
4513.72,9.0,T I
4514.193,48.0,V I
4514.496,68.0,Cr I
4515.178,14.0,Fe II
4515.44,75.0,Fe II
4516.089,1.0,Fe I
4516.272,9.5,Fe I
4517.534,61.0,Fe I
4518.032,62.0,T I
4518.587,14.0,Fe I
4518.982,1.0,Mn I
4519.637,5.0,Sm I
4520.229,69.0,Fe II
4520.399,3.0,Fe II
4521.136,11.0,Cr I
4521.668,0.5,Fe I
4521.887,2.0,N I
4522.528,101.0,Fe II
4522.807,65.0,Fe II
4523.407,36.0,Fe I
4523.924,11.0,Sm I
4524.691,18.0,T I
4525.146,120.0,Fe I
4525.866,17.0,Fe I
4526.568,38.0,Fe I
4526.933,75.0,Ca I
4527.325,67.0,T I
4527.788,21.0,Fe I
4528.627,275.0,Fe I
4529.56,99.0,Fe I
4529.852,15.0,Cr I
4530.698,76.0,Cr I
4531.158,106.0,Fe I
4531.631,55.0,Fe I
4532.138,2.0,V I
4533.249,90.0,Ti I
4533.97,109.0,Ti II
4534.62,5.5,Fe I
4534.785,81.0,T I
4535.712,84.0,Cr I
4536.054,147.0,T I
4536.504,10.0,Fe I
4537.221,5.0,Ti I
4537.676,13.0,Fe I
4537.818,1.5,T I
4538.597,9.5,Fe I
4539.094,4.0,Ti I
4539.777,37.0,Ce I
4540.71,52.0,Cr I
4541.068,22.0,Cr I
4541.523,58.0,Fe I
4541.943,8.0,Fe I
4542.617,31.0,Cr I
4543.229,3.0,Fe I
4544.022,35.0,T I
4544.621,97.0,Cr I
4545.143,42.0,T I
4545.338,30.0,Cr I
4545.962,73.0,Cr I
4546.679,7.5,Fe I
4547.022,92.0,Fe I
4547.3,34.0,T I
4547.853,73.0,Fe I
4548.77,63.0,T I
4549.474,231.0,Fe II
4549.82,53.0,T I
4550.773,72.0,Fe I
4551.654,23.0,Fe I
4551.848,1.0,V I
4552.463,109.0,T I
4553.174,12.0,N I
4554.036,159.0,Ba II
4554.536,4.0,Ru I
4554.992,39.0,Cr I
4555.492,54.0,T I
4555.892,77.0,Fe I
4557.284,26.0,Fe I
4558.113,19.0,Fe I
4558.65,66.0,Cr II
4560.097,42.0,Fe I
4560.278,13.0,Ce I
4560.966,4.5,Ce I
4562.367,17.0,Ce I
4563.237,6.0,Cr I
4563.427,11.0,T I
4563.766,120.0,Ti II
4564.702,30.0,Fe I
4564.828,24.0,Fe I
4565.518,67.0,Cr I
4566.233,7.5,Fe XI
4566.662,5.0,Fe I
4566.873,40.0,Fe I
4567.409,2.0,N I
4568.328,25.0,T I
4568.771,60.0,Fe I
4569.618,24.0,Cr I
4570.025,5.0,Co I
4570.387,2.0,V I
4570.918,6.5,T I
4571.675,39.0,Cr I
4571.982,126.0,Ti II
4572.284,15.0,Ce I
4572.864,11.0,Fe I
4573.656,0.5,S I
4574.225,33.0,Fe I
4574.728,52.0,Fe I
4574.902,9.5,La I
4575.79,15.0,Fe I
4576.517,6.5,Ti I
4577.184,25.0,V I
4577.694,4.0,Sm I
4578.559,73.0,Ca I
4579.187,1.5,V I
4579.338,22.0,Fe I
4580.062,80.0,Cr I
4580.414,42.0,V I
4581.196,22.0,Fe I
4581.519,201.0,Ca I
4582.309,16.0,Fe I
4582.833,49.0,Fe I
4583.415,25.0,T I
4584.09,11.0,Cr I
4584.726,32.0,Fe I
4585.079,5.5,Cr I
4585.343,14.0,Fe IX
4585.973,134.0,V I
4586.378,38.0,V I
4587.134,46.0,Fe I
4587.723,14.0,Fe I
4588.204,66.0,Cr II
4588.76,1.5,Co I
4589.953,70.0,T I
4590.677,2.0,Cr I
4590.793,25.0,Fe I
4591.4,59.0,Cr I
4592.057,44.0,Cr I
4592.659,95.0,Fe I
4593.533,22.0,Fe I
4594.126,46.0,V I
4594.639,10.0,Co I
4594.894,26.0,Ni I
4595.365,61.0,Fe I
4595.956,34.0,N I
4596.416,29.0,Fe I
4596.905,14.0,Co I
4597.383,23.0,Fe I
4598.364,16.0,Fe I
4599.227,6.0,T I
4599.97,28.0,Cr I
4600.364,53.0,N I
4600.757,80.0,Cr I
4601.27,7.5,S I
4602.949,97.0,Fe I
4603.348,14.0,S I
4603.953,15.0,Fe I
4604.56,37.0,Fe I
4604.996,62.0,Ni I
4605.594,40.0,Fe I
4606.226,39.0,N I
4606.396,9.5,Cr I
4606.797,5.5,Nb I
4607.654,75.0,Fe I
4609.266,11.0,Ti I
4609.912,22.0,N I
4611.194,131.0,Fe I
4612.075,3.5,Pr I
4612.611,8.0,Fe I
4613.367,62.0,Cr I
4613.921,29.0,Zr I
4614.534,5.0,Cr I
4615.569,24.0,Fe I
4616.628,37.0,Cr I
4617.276,49.0,T I
4617.967,7.5,N I
4618.6,1.5,Fe I
4619.297,70.0,Fe I
4619.78,6.5,V I
4620.52,47.0,Fe II
4621.033,2.0,Cr I
4621.479,2.5,S I
4621.942,45.0,Cr I
4622.453,33.0,Cr I
4623.101,46.0,Ti I
4624.558,6.5,Co I
4624.901,6.0,Ce I
4625.314,5.0,Cr I
4626.182,67.0,Cr I
4626.538,21.0,Mn I
4626.792,6.5,Fe I
4627.368,14.0,S I
4628.16,14.0,Ce I
4628.457,6.0,Cr I
4628.917,7.0,Co I
4629.342,80.0,T I
4630.128,61.0,Fe I
4631.036,7.0,Fe I
4631.484,10.0,Fe I
4632.139,12.0,Fe I
4632.819,97.0,Fe I
4633.256,10.0,Cr I
4634.079,53.0,Cr I
4634.605,1.0,Cr I
4634.871,4.0,T I
4635.311,14.0,Fe I
4635.853,44.0,Fe I
4636.324,14.0,T I
4637.178,18.0,Cr I
4637.51,77.0,Fe I
4638.017,82.0,Fe I
4639.671,37.0,T I
4639.946,31.0,T I
4640.44,3.0,Ti I
4641.216,24.0,Fe I
4642.245,7.5,Sm I
4643.202,6.5,Fe I
4643.47,63.0,Fe I
4645.193,16.0,Ti I
4645.308,2.0,La I
4646.169,77.0,Cr I
4646.376,14.0,V I
4646.78,16.0,Cr I
4647.701,9.5,Fe I
4648.12,19.0,Cr I
4648.657,67.0,Ni I
4648.948,18.0,Fe I
4649.817,16.0,Fe I
4651.29,66.0,Cr I
4652.167,82.0,Cr I
4653.49,8.0,Fe I
4654.044,1.0,C2
4654.629,171.0,Fe I
4655.656,16.0,N I
4656.188,18.0,Cr I
4656.474,55.0,T I
4657.204,38.0,T I
4657.59,24.0,Fe I
4658.044,2.5,Fe I
4658.3,14.0,Fe I
4660.241,2.5,C2
4660.907,19.0,Fe I
4661.539,28.0,Fe I
4661.979,35.0,Fe I
4663.182,18.0,Fe I
4663.317,27.0,Cr I
4663.822,28.0,Cr I
4664.324,4.0,N I
4664.794,52.0,Cr I
4665.547,5.0,Fe I
4665.906,28.0,Cr I
4666.754,45.0,Fe I
4667.46,75.0,Fe I
4668.149,112.0,Fe I
4668.572,39.0,Na I
4668.78,5.0,C2
4669.323,31.0,Cr I
4670.173,27.0,Fe I
4670.413,55.0,Sc I
4671.049,2.5,S I
4671.687,11.0,Mn I
4672.197,5.0,Fe I
4673.169,72.0,Fe I
4673.278,39.0,Fe I
4674.303,34.0,Fe I
4675.112,30.0,Ti I
4675.604,14.0,N I
4676.926,3.5,Sm I
4677.596,12.0,Fe I
4678.42,9.0,Fe I
4678.854,97.0,Fe I
4679.578,1.0,C2
4679.983,6.5,Fe I
4680.749,4.0,Nd I
4680.863,26.0,Cr I
4681.474,26.0,Fe I
4681.919,64.0,T I
4682.57,22.0,Fe I
4682.766,6.5,C2
4683.567,46.0,Fe I
4684.601,22.0,Cr I
4685.034,16.0,Fe I
4685.275,53.0,Ca I
4686.222,56.0,N I
4686.63,1.5,Fe I
4687.186,5.0,Sm I
4687.393,44.0,Fe I
4687.805,7.5,Zr I
4688.688,30.0,C2
4689.062,4.0,C2
4689.361,31.0,Cr I
4690.379,13.0,Fe I
4690.974,4.5,T I
4691.779,6.0,C2
4692.524,8.5,La I
4693.195,17.0,Co I
4693.674,12.0,T I
4693.947,22.0,Cr I
4694.457,3.5,C2
4694.87,32.0,Fe I
4695.446,8.0,S I
4696.03,3.0,C2
4696.262,8.0,S I
4697.058,26.0,Cr I
4697.398,14.0,Cr I
4698.081,4.5,C2
4698.623,45.0,Cr I
4698.771,40.0,Ti I
4699.583,8.0,Cr I
4700.162,52.0,Fe I
4700.619,12.0,Cr I
4701.054,38.0,Fe I
4701.542,46.0,Ni I
4701.898,15.0,Fe I
4703.003,326.0,Mn I
4703.584,10.0,C2
4703.818,58.0,Ni I
4704.412,4.0,Sm I
4704.954,58.0,Fe I
4705.473,36.0,Fe I
4705.925,9.0,N I
4706.554,26.0,Nd I
4706.83,5.0,C2
4707.285,107.0,Fe I
4708.019,52.0,Cr I
4708.672,46.0,T I
4708.976,111.0,Fe I
4709.718,62.0,Mn I
4710.192,98.0,T I
4710.561,4.0,V I
4711.491,28.0,Fe I
4712.083,34.0,N I
4712.497,13.0,Fe I
4712.975,18.0,C2
4713.34,3.5,C2
4714.071,36.0,Fe I
4714.371,132.0,Fe I
4715.299,11.0,Ti I
4715.767,68.0,N I
4716.508,2.0,Fe I
4717.127,6.0,Fe I
4717.71,9.0,V I
4718.423,60.0,Cr I
4719.225,4.0,Fe I
4719.51,11.0,T I
4719.856,5.5,Sm I
4720.577,4.5,Fe I
4720.999,47.0,Fe I
4721.525,3.0,V I
4722.163,63.0,Zn I
4722.615,14.0,Ti I
4723.114,31.0,Cr I
4723.347,6.0,N I
4723.752,3.5,C2
4724.415,27.0,C2
4724.847,4.5,C2
4725.584,1.5,C2
4726.145,16.0,Fe I
4726.334,4.0,C2
4727.156,25.0,Cr I
4727.488,122.0,Mn I
4728.167,18.0,Fe I
4728.552,73.0,Fe I
4729.023,35.0,Fe I
4729.682,45.0,Fe I
4730.038,65.0,Mg I
4730.72,43.0,Cr I
4731.173,11.0,Ti I
4731.473,79.0,Fe I
4731.804,39.0,Ni I
4732.466,39.0,Ni I
4732.948,3.0,Ti I
4733.598,76.0,Fe I
4734.577,8.0,C2
4734.832,5.0,Co I
4735.664,5.0,C2
4736.03,13.0,C2
4736.508,12.0,N I
4736.965,18.0,C2
4737.635,38.0,Fe I
4737.764,6.0,Co I
4738.65,1.5,S I
4739.113,56.0,Mn I
4739.454,6.0,Zr I
4740.168,14.0,N I
4740.344,37.0,Fe I
4741.075,33.0,Sc I
4741.355,3.5,Ni I
4742.124,5.0,T I
4742.294,11.0,Ti I
4742.798,27.0,T I
4743.817,7.5,Ni XVII
4744.387,60.0,Fe I
4745.138,12.0,Fe I
4745.312,12.0,Cr I
4745.807,69.0,Fe I
4746.64,0.5,V I
4747.683,4.5,T I
4747.98,15.0,S I
4748.737,4.0,La I
4749.662,35.0,Co I
4749.952,33.0,Fe I
4751.093,26.0,Fe I
4751.825,15.0,Na I
4752.43,60.0,N I
4752.902,3.0,Cr I
4754.039,130.0,Mn I
4754.36,11.0,Co I
4754.765,49.0,N I
4755.264,5.5,S I
4756.117,60.0,Cr I
4756.521,75.0,N I
4757.585,54.0,Fe I
4758.124,40.0,T I
4758.726,11.0,V I
4758.917,4.0,Ti I
4759.276,41.0,T I
4760.074,8.0,Fe I
4761.246,11.0,Cr I
4761.528,74.0,Mn I
4762.375,105.0,Mn I
4762.782,30.0,T I
4763.93,90.0,Ni I
4764.531,31.0,T I
4765.864,71.0,Mn I
4766.423,89.0,Mn I
4766.869,20.0,Fe I
4767.27,14.0,Cr I
4767.857,20.0,Cr I
4769.5,16.0,T I
4769.997,16.0,C I
4770.683,5.5,Cr I
4771.089,20.0,T I
4772.823,88.0,Fe I
4773.413,17.0,N I
4774.54,1.0,Cr I
4775.127,5.5,Cr I
4775.502,5.5,Cr I
4776.07,29.0,Fe I
4776.32,52.0,Co I
4777.725,2.5,Cr I
4777.85,1.5,Sm I
4778.258,16.0,T I
4780.81,10.0,Fe I
4781.72,15.0,T I
4782.983,29.0,S I
4783.424,157.0,Mn I
4784.1,6.0,Sr I
4784.94,1.0,Zr I
4785.96,30.0,Fe I
4786.542,110.0,Ni I
4786.814,95.0,Fe I
4787.503,1.5,Fe I
4787.833,43.0,Fe I
4788.765,72.0,Fe I
4789.342,71.0,Cr I
4789.79,3.5,Fe I
4790.334,16.0,Cr I
4790.968,14.0,Ni I
4791.256,40.0,Fe I
4792.214,12.0,S I
4792.514,77.0,Cr I
4792.862,40.0,Co I
4793.433,4.5,N I
4793.967,9.0,Fe I
4794.359,13.0,Fe I
4794.838,2.5,T I
4796.189,24.0,Cr I
4796.365,3.5,Co I
4796.905,12.0,V I
4797.975,7.5,T I
4798.537,50.0,T I
4799.07,2.5,Fe I
4799.794,75.0,V I
4800.653,72.0,Fe I
4801.031,56.0,Cr I
4801.612,6.0,Fe I
4801.914,1.0,Ti I
4802.887,70.0,Fe I
4804.521,26.0,Fe I
4805.099,128.0,T I
4805.42,37.0,T I
4805.89,2.0,Zr I
4806.252,7.0,Cr I
4806.994,70.0,Ni I
4807.533,15.0,V I
4808.158,30.0,Fe I
4808.685,47.0,Fe I
4808.879,28.0,N I
4809.267,12.0,Fe I
4810.537,84.0,Zn I
4811.046,16.0,Fe I
4811.352,9.5,Nd I
4811.993,25.0,N I
4812.352,41.0,Cr I
4813.117,24.0,Fe I
4813.479,51.0,Co I
4813.973,9.5,Co I
4814.594,20.0,Ni I
4815.223,14.0,Fe I
4815.932,16.0,N I
4816.423,3.0,Cr I
4817.376,9.5,C I
4817.808,62.0,Fe I
4819.022,3.0,Fe I
4820.414,44.0,T I
4821.126,33.0,N I
4821.479,8.0,T I
4822.667,9.0,Fe I
4823.514,165.0,Mn I
4824.143,94.0,Cr II
4824.29,5.0,Cr II
4825.349,30.0,Fe I
4827.618,21.0,T I
4828.06,0.5,Zr I
4828.699,9.5,Cr I
4829.027,91.0,N I
4829.369,84.0,Cr I
4831.182,81.0,N I
4831.651,16.0,V I
4832.041,7.0,Sr I
4832.719,68.0,Ni I
4833.192,9.0,Fe I
4833.819,8.0,Fe I
4834.517,28.0,Fe I
4834.815,2.5,Ni I
4835.875,44.0,Fe I
4836.35,2.0,Cr I
4836.857,16.0,Cr I
4837.666,3.5,T I
4838.219,4.0,Mn I
4838.521,51.0,Fe I
4839.25,1.5,T I
4839.884,12.0,Y I
4840.316,88.0,Fe I
4840.884,60.0,T I
4841.674,8.0,Fe I
4841.791,24.0,Fe I
4843.152,67.0,Fe I
4843.507,20.0,Co I
4844.022,39.0,Fe I
4844.311,12.0,Mn I
4845.165,3.5,N I
4845.656,36.0,Fe I
4846.33,5.0,Cr I
4847.191,3.5,Cr I
4847.311,20.0,Ca I
4848.252,52.0,Cr I
4848.887,33.0,Fe I
4849.663,16.0,Fe I
4850.201,1.5,Cr I
4850.941,1.0,Cr I
4851.496,31.0,V I
4852.562,36.0,N I
4853.277,7.0,N I
4853.777,16.0,N I
4854.616,4.0,Mn I
4854.873,41.0,Y I
4855.418,73.0,N I
4856.019,39.0,T I
4857.099,4.0,Zr I
4857.395,42.0,N I
4857.97,1.0,Co I
4858.254,8.5,Fe I
4859.134,18.0,Fe I
4859.747,108.0,Fe I
4860.217,9.0,Cr I
4860.986,3.5,Fe I
4861.35,3000.0,H$\beta$
4861.849,15.0,Cr I
4862.598,16.0,Fe I
4863.65,48.0,Fe I
4863.936,22.0,N I
4864.323,50.0,Cr I
4864.85,2.0,V I
4865.618,34.0,T I
4866.277,66.0,N I
4866.883,2.0,S I
4867.537,7.5,Fe I
4868.263,26.0,T I
4869.147,2.5,Ru I
4869.469,20.0,Fe I
4870.136,36.0,T I
4870.419,5.5,C2
4870.816,74.0,Cr I
4871.325,228.0,Fe I
4872.144,195.0,Fe I
4872.508,7.0,Sr I
4873.446,58.0,N I
4874.014,34.0,T I
4874.36,18.0,Fe I
4874.793,21.0,N I
4875.492,41.0,V I
4875.881,55.0,Fe I
4876.401,41.0,Cr I
4877.596,21.0,Fe I
4878.128,187.0,Ca I
4878.721,3.0,CH
4879.15,2.0,CH
4880.045,5.0,Cr I
4880.527,8.0,V I
4880.935,9.0,T I
4881.724,61.0,Fe I
4882.148,70.0,Fe I
4882.705,6.0,Co I
4883.69,51.0,Y II
4884.051,7.5,V I
4884.598,21.0,Cr I
4885.088,53.0,T I
4885.434,60.0,Fe I
4885.774,22.0,Cr I
4886.337,68.0,Fe I
4887.009,63.0,Cr I
4888.639,91.0,Fe I
4889.111,121.0,Fe I
4889.648,1.0,C2
4890.215,5.0,Cr I
4890.438,9.0,N I
4890.763,220.0,Fe I
4891.502,312.0,Fe I
4891.866,2.5,T I
4892.865,44.0,Fe I
4893.704,4.0,Fe I
4893.817,11.0,Fe I
4894.37,3.0,Ce I
4895.661,2.0,Fe I
4896.442,26.0,Fe I
4897.2,4.0,Co I
4898.0,2.0,Cr I
4898.94,3.5,Fe I
4899.513,5.0,Co I
4899.917,57.0,Ti I
4900.629,3.0,T I
4900.97,17.0,N I
4902.078,3.5,Cr I
4902.384,8.5,Fe I
4903.099,4.5,Fe I
4903.259,157.0,Cr I
4904.171,4.0,Co I
4904.418,91.0,N I
4905.138,30.0,Fe I
4907.12,5.0,Co I
4907.735,61.0,Fe I
4908.032,37.0,Fe I
4908.611,4.5,Fe I
4909.105,5.5,T I
4909.387,66.0,Fe I
4910.02,91.0,Fe I
4910.57,80.0,Fe I
4911.199,,Ti II
4911.536,24.0,Fe I
4912.025,47.0,Ni I
4912.491,9.5,Fe I
4913.622,49.0,T I
4913.978,57.0,Ni I
4915.234,6.0,T I
4915.775,2.0,T I
4916.674,4.5,Fe I
4917.235,60.0,Fe I
4918.015,53.0,Fe I
4918.371,75.0,N I
4918.998,278.0,Fe I
4919.749,11.0,Fe I
4919.872,24.0,T I
4920.514,471.0,Fe I
4920.963,29.0,Cr I
4922.162,97.0,Fe I
4923.154,16.0,Fe I
4923.28,4.0,Cr I
4923.93,167.0,Fe II
4924.777,101.0,Fe I
4925.574,58.0,N I
4926.154,5.5,T I
4927.428,55.0,Fe I
4927.872,68.0,Fe I
4928.341,30.0,T I
4928.89,1.0,T I
4930.31,82.0,Fe I
4930.8,19.0,N I
4932.016,45.0,V I
4933.19,39.0,Fe I
4933.338,97.0,Fe I
4934.03,207.0,Fe I
4934.872,4.0,Cr I
4935.834,65.0,N I
4936.341,43.0,Cr I
4937.348,86.0,N I
4938.293,92.0,T I
4938.82,119.0,Fe I
4939.694,96.0,Fe I
4941.569,3.0,T I
4941.907,5.0,Ni I
4942.484,100.0,Cr I
4943.06,1.0,T I
4943.448,1.5,Ce I
4944.0,5.0,Cr I
4944.287,10.0,Fe I
4945.447,44.0,N I
4946.034,24.0,N I
4946.395,113.0,Fe I
4947.6,17.0,V I
4948.191,7.5,T I
4948.597,3.0,Sm I
4948.78,1.0,Zr I
4949.576,3.0,Cr I
4950.111,76.0,Fe I
4950.624,6.0,C2
4951.411,4.5,C2
4952.647,54.0,Fe I
4953.212,53.0,N I
4953.728,5.0,Cr I
4954.016,4.0,Fe I
4954.605,37.0,Fe I
4954.809,54.0,Cr I
4955.974,6.0,C2
4956.746,2.5,MgH
4957.613,696.0,Fe I
4958.257,14.0,T I
4959.12,7.0,Nd I
4959.7,1.0,Co I
4961.054,17.0,Fe I
4961.92,26.0,Fe I
4962.576,52.0,Fe I
4963.07,3.0,C2
4963.55,2.0,C2
4964.726,7.0,T I
4964.933,35.0,Cr I
4965.405,5.5,V I
4966.095,114.0,Fe I
4966.576,3.0,Co I
4966.803,2.5,Cr I
4967.523,12.0,N I
4967.903,74.0,Fe I
4968.705,46.0,Fe I
4969.922,69.0,Fe I
4970.501,51.0,Fe I
4971.92,2.5,Co I
4972.656,3.0,C2
4973.104,88.0,Fe I
4974.363,8.5,N I
4975.412,35.0,Fe I
4976.138,27.0,N I
4976.333,36.0,N I
4976.881,2.5,C2
4977.719,34.0,T I
4978.194,34.0,T I
4978.606,118.0,Fe I
4979.206,7.0,MgH
4979.59,19.0,Fe I
4979.967,6.0,Co I
4980.296,112.0,Fe I
4981.74,112.0,T I
4982.136,14.0,Y I
4982.507,138.0,Fe I
4982.825,83.0,Na I
4983.26,114.0,Fe I
4983.859,123.0,Fe I
4985.554,103.0,Fe I
4986.228,45.0,Fe I
4986.45,2.5,Co I
4986.908,18.0,Fe I
4987.652,2.5,Fe I
4988.138,6.0,C2
4988.955,80.0,Fe I
4989.954,6.5,Nd I
4990.453,26.0,Fe I
4991.072,102.0,T I
4991.275,87.0,Fe I
4991.861,16.0,Fe I
4992.287,6.0,C2
4992.778,8.0,Fe I
4993.352,34.0,Fe I
4994.138,95.0,Fe I
4995.08,3.0,T I
4995.659,16.0,N I
4996.195,7.0,Fe I
4996.633,49.0,N I
4997.1,27.0,T I
4998.23,56.0,N I
4998.567,3.5,Cr I
4999.119,29.0,Fe I
4999.51,104.0,T I
5000.349,70.0,Ni I
5000.99,44.0,T I
5001.472,20.0,Ca I
5001.87,168.0,Fe I
5002.328,6.5,V I
5002.798,85.0,Fe I
5003.747,34.0,N I
5004.049,50.0,Fe I
5004.365,17.0,Cr I
5005.171,26.0,T I
5005.719,136.0,Fc I
5006.694,9.5,Fe I
5007.217,174.0,T I
5007.734,33.0,Fe I
5008.225,3.0,MgH
5009.655,24.0,T I
5010.024,35.0,N I
5010.327,9.5,Fe I
5010.943,46.0,N I
5012.156,154.0,Fe I
5012.448,58.0,N I
5013.305,59.0,T I
5013.779,55.0,Ti II
5014.285,148.0,T I
5015.303,16.0,Fe I
5016.168,60.0,T I
5017.047,7.5,C2
5017.584,90.0,Ni I
5017.814,18.0,C2
5018.45,210.0,Fe II
5019.176,10.0,Fe I
5019.732,24.0,Fe I
5020.031,86.0,Ti I
5020.819,17.0,Fe I
5022.241,114.0,Fe I
5022.874,72.0,T I
5023.496,26.0,Fe I
5023.832,6.5,C I
5024.85,62.0,T I
5025.566,52.0,T I
5025.764,11.0,Fe I
5026.488,3.0,N I
5027.13,105.0,Fe I
5028.133,83.0,Fe I
5029.03,5.0,MgH
5029.623,41.0,Fe I
5029.815,12.0,Mn I
5030.782,20.0,Fe I
5031.916,21.0,Fe I
5032.733,23.0,N I
5033.538,4.5,C2
5034.178,5.0,C2
5034.356,7.0,C2
5034.991,4.0,Fe I
5035.37,109.0,N I
5035.974,115.0,N I
5036.471,66.0,T I
5036.924,23.0,Fe I
5037.709,20.0,C2
5037.808,7.0,C2
5038.403,60.0,T I
5039.06,16.0,C I
5039.258,73.0,Fe I
5039.964,66.0,T I
5040.614,16.0,T I
5040.89,116.0,Fc I
5041.619,86.0,Ca I
5041.854,158.0,Fe I
5042.58,8.5,Mn I
5042.921,8.0,MgH
5043.588,14.0,T I
5044.218,70.0,Fe I
5045.082,2.5,Fe I
5045.27,12.0,C2
5047.12,7.0,Fe I
5047.302,7.5,V I
5048.062,30.0,N I
5048.439,70.0,Fe I
5048.853,52.0,N I
5049.592,8.0,MgH
5049.827,135.0,Fe I
5050.737,6.0,C2
5051.642,111.0,Fe I
5052.151,40.0,C I
5052.738,6.0,C2
5052.88,14.0,T I
5053.577,50.0,W I
5054.083,7.5,T I
5054.647,35.0,Fe I
5055.426,1.5,MgH
5055.988,24.0,Fe I
5056.434,12.0,MgH
5056.846,24.0,Fe I
5057.487,17.0,Fe I
5057.985,29.0,Fe I
5058.495,10.0,Fe I
5058.812,5.5,C2
5059.393,1.5,C2
5059.929,5.5,C2
5061.525,3.5,MgH
5062.104,15.0,T I
5062.384,4.5,C2
5063.174,11.0,C2
5063.306,5.5,C2
5064.066,6.5,T I
5064.658,79.0,T I
5065.989,19.0,T I
5066.727,10.0,C2
5067.155,73.0,Fe I
5067.746,24.0,Cr I
5067.829,12.0,N I
5068.302,10.0,Cr I
5068.771,129.0,Fe I
5069.625,2.0,MgH
5069.991,9.0,C2
5070.295,3.0,C2
5071.491,25.0,T I
5071.774,7.5,C2
5072.677,60.0,Fe I
5072.922,31.0,Cr I
5073.453,9.5,C2
5074.753,115.0,Fe I
5075.3,28.0,C2
5075.818,4.5,Sc I
5076.617,15.0,C2
5076.766,6.5,C2
5077.38,8.5,C2
5078.074,4.0,C2
5078.711,7.5,Cr I
5079.23,100.0,Fe I
5079.745,87.0,Fe I
5079.965,47.0,N I
5080.539,93.0,N I
5081.119,91.0,N I
5081.581,8.0,Sc I
5081.852,6.0,Fe I
5082.349,58.0,N I
5083.032,14.0,C2
5083.345,95.0,Fe I
5084.105,93.0,N I
5084.552,8.5,Fe I
5084.838,5.0,C2
5085.489,18.0,N I
5086.248,12.0,C2
5086.398,6.5,C2
5087.062,22.0,T I
5087.426,40.0,Y I
5088.158,32.0,Fe I
5088.543,26.0,N I
5088.96,25.0,Ni I
5089.367,7.0,C2
5090.221,7.0,MgH
5090.976,6.0,C2
5091.725,7.5,Fe I
5092.309,14.0,C2
5093.684,5.5,C2
5094.026,8.5,C2
5094.418,25.0,N I
5094.945,10.0,Co I
5095.341,7.5,MgH
5095.892,4.5,C2
5097.005,90.0,Fe I
5097.492,38.0,Fe I
5097.876,1.0,C2
5098.707,102.0,Fe I
5099.081,52.0,Fe I
5099.329,70.0,N I
5099.936,79.0,N I
5100.656,17.0,Fe I
5100.854,12.0,Fe I
5101.275,5.0,C2
5102.013,0.5,C2
5102.431,12.0,C2
5102.973,42.0,N I
5103.743,11.0,C2
5104.033,25.0,Fe I
5104.44,29.0,Fe I
5105.182,2.5,C2
5105.545,82.0,Cu I
5106.451,10.0,Fe I
5106.877,4.5,MgH
5107.651,97.0,Fe I
5107.884,11.0,C2
5109.122,10.0,C2
5109.657,69.0,Fe I
5110.017,4.0,C2
5110.435,126.0,Fe I
5110.763,27.0,Cr I
5111.634,9.0,MgH
5111.871,8.0,C2
5112.279,8.0,Zr I
5113.127,23.0,Cr I
5113.447,23.0,T I
5115.199,4.0,C2
5115.398,72.0,N I
5115.79,23.0,Fe I
5116.662,7.5,C2
5116.902,6.5,C2
5117.348,3.5,C2
5117.942,21.0,Mn I
5118.36,3.0,MgH
5118.822,5.0,MgH
5119.379,7.0,C2
5119.903,3.5,Fe I
5120.42,31.0,T I
5120.886,7.5,MgH
5121.649,71.0,Fe I
5122.121,11.0,Cr I
5122.309,5.0,C2
5123.222,29.0,Y I
5123.73,101.0,Fe I
5124.051,19.0,C2
5124.389,3.5,MgH
5125.128,100.0,Fe I
5125.475,11.0,C2
5126.199,75.0,Fe I
5126.686,5.0,C2
5126.864,6.5,C2
5127.368,85.0,Fe I
5128.081,18.0,C2
5128.494,8.5,C2
5129.162,70.0,Ti II
5129.377,62.0,N I
5129.823,4.0,MgH
5130.372,23.0,N I
5130.93,1.5,Fe I
5131.476,72.0,Fe I
5131.773,42.0,N I
5132.351,7.5,C2
5133.198,6.0,Fe I
5133.478,18.0,Co I
5133.82,165.0,Fe I
5134.528,18.0,MgH
5135.184,6.5,Y I
5135.582,10.0,C2
5135.931,1.5,Cr I
5136.273,11.0,C2
5137.08,92.0,Ni I
5137.393,102.0,Fe I
5138.11,7.5,C2
5138.717,13.0,Cr I
5138.869,6.5,Cr I
5139.473,152.0,Fe I
5139.924,13.0,C2
5140.38,5.5,C2
5141.211,13.0,C2
5141.746,90.0,Fe I
5141.902,7.5,Fe I
5142.53,117.0,Fe I
5142.936,111.0,Fe I
5143.728,23.0,Fe I
5143.864,6.0,C2
5144.674,21.0,MgH
5145.237,7.0,C2
5145.468,37.0,T I
5146.119,37.0,Fe I
5146.491,76.0,N I
5147.103,24.0,Fe I
5147.482,36.0,T I
5148.237,89.0,Fe I
5148.676,13.0,N I
5149.095,18.0,C2
5149.52,6.0,MgH
5150.197,22.0,MgH
5150.563,13.0,C2
5150.852,114.0,Fe I
5151.917,100.0,Fe I
5152.529,4.0,C2
5153.241,56.0,Cu I
5153.41,24.0,Na I
5154.075,73.0,Ti II
5154.337,13.0,C2
5155.132,52.0,Ni I
5155.524,14.0,C2
5155.771,78.0,N I
5156.652,26.0,MgH
5156.997,6.5,MgH
5157.619,12.0,C2
5157.984,19.0,N I
5158.525,11.0,C2
5159.065,65.0,Fe I
5159.464,12.0,C2
5159.779,4.0,MgH
5160.568,12.0,Fe I
5161.028,16.0,C2
5161.683,6.0,C2
5161.764,14.0,C2
5162.281,154.0,Fe I
5162.907,21.0,C2
5163.415,14.0,C2
5164.236,18.0,C2
5164.552,48.0,Fe I
5165.035,29.0,C2
5165.415,87.0,Fe I
5165.963,5.0,MgH
5166.284,115.0,Fe I
5167.327,935.0,Mg I b4
5168.194,8.0,MgH
5168.663,67.0,N I
5169.05,154.0,Fe II b3
5169.3,30.0,Fe I
5170.106,3.0,Fe I
5170.598,6.0,MgH
5171.028,5.0,Ru I
5171.61,160.0,Fe I
5172.221,13.0,Fe I
5172.698,1259.0,Mg I b2
5173.749,67.0,Ti I
5173.911,3.5,Pr I
5174.943,4.0,MgH
5175.411,4.5,MgH
5176.138,9.5,Co I
5176.565,56.0,N I
5177.241,24.0,Fe I
5177.411,20.0,Cr I
5177.811,2.0,Cr I
5178.48,5.5,MgH
5178.801,24.0,Fe I
5180.069,50.0,Fe I
5180.583,4.5,MgH
5180.875,2.5,MgH
5181.33,18.0,Mg I
5181.957,3.5,MgH
5182.74,0.5,N I
5183.619,1584.0,Mg I b1
5184.562,43.0,Ni I
5184.829,1.5,MgH
5185.908,58.0,T I
5186.557,16.0,N I
5187.457,5.5,Ce I
5187.917,50.0,Fe I
5188.698,202.0,Ti II
5189.581,2.0,Si X
5190.5,7.0,MgH
5191.078,9.0,MgH
5191.465,160.0,Fe I
5191.998,42.0,Cr I
5192.353,176.0,Fe I
5192.978,80.0,T I
5193.502,10.0,Cr I
5194.056,10.0,T I
5194.949,126.0,Fe I
5195.48,114.0,Fe I
5196.065,78.0,Fe I
5196.452,34.0,Cr I
5197.17,25.0,N I
5197.576,80.0,Fe II
5197.942,37.0,Fe I
5198.718,87.0,Fe I
5198.866,5.5,MgH
5199.6,3.5,MgH
5200.185,22.0,Cr I
5200.415,37.0,Y II
5201.095,11.0,T I
5201.606,3.5,MgH
5202.99,2.5,MgH
5204.246,8.0,MgH
5204.601,212.0,Fe I
5204.945,6.5,Fe I
5205.73,52.0,Y II
5206.044,216.0,Cr I
5206.545,17.0,Cr I
5206.811,5.5,Fe I
5207.623,4.5,MgH
5207.935,19.0,Fe I
5208.432,247.0,Cr I
5209.24,4.0,MgH
5209.609,1.0,MgH
5209.892,9.5,Fe I
5210.392,86.0,T I
5210.851,12.0,Cr I
5211.535,29.0,Fe I
5212.231,10.0,Cr I
5212.691,21.0,Co I
5212.996,5.0,T I
5213.352,9.0,Fe I
5214.13,16.0,Cr I
5214.616,17.0,Cr I
5215.188,116.0,Fe I
5215.885,1.5,V I
5216.283,108.0,Fe I
5217.396,102.0,Fe I
5218.209,48.0,Cu I
5218.516,3.0,Fe I
5219.706,25.0,T I
5220.086,14.0,Cu I
5220.296,26.0,N I
5220.912,9.5,Cr I
5221.763,27.0,Cr I
5222.684,23.0,T I
5223.19,26.0,Fe I
5223.628,11.0,T I
5224.074,10.0,Cr I
5224.31,36.0,T I
5225.032,80.0,Cr I
5225.534,68.0,Fe I
5226.061,17.0,Fe I
5226.545,94.0,Ti II
5227.192,277.0,Fe I
5227.737,5.0,Cr I
5228.103,22.0,Cr I
5228.383,60.0,Fe I
5229.86,124.0,Fe I
5230.392,5.0,Fe I
5230.984,3.5,T I
5231.396,9.0,Fe I
5232.503,12.0,Cr I
5232.952,346.0,Fe I
5234.213,8.0,Nd I
5234.63,81.0,Fe I
5235.188,23.0,Co I
5235.39,96.0,Fe I
5236.378,9.0,Fe I
5237.325,49.0,Cr I
5238.249,3.0,Fe I
5238.568,15.0,T I
5238.969,16.0,Cr I
5239.823,55.0,Sc I
5240.475,8.5,Cr I
5240.878,4.5,V I
5241.461,3.5,Cr I
5241.923,5.5,Fe I
5242.5,80.0,Fe I
5243.36,19.0,Cr I
5243.783,60.0,Fe I
5245.629,6.0,N I
5246.004,3.0,Fe I
5246.556,4.0,T I
5247.058,59.0,Fe I
5247.574,76.0,Cr I
5247.923,16.0,Co I
5248.375,5.5,T I
5249.111,30.0,Fe I
5249.425,11.0,Cr I
5250.216,62.0,Fe I
5250.654,104.0,Fe I
5250.913,15.0,T I
5251.487,2.5,T I
5251.974,40.0,Fe I
5253.033,16.0,Fe I
5253.468,75.0,Fe I
5254.651,7.0,Co I
5254.953,92.0,Cr I
5255.743,41.0,Fe I
5257.08,2.0,Cr I
5257.645,20.0,Co I
5258.323,1.5,Se I
5259.089,4.0,Fe I
5259.488,51.0,Ni I
5259.974,6.0,Ti I
5260.39,28.0,Ca I
5260.778,3.5,Mn I
5261.708,99.0,Ca I
5262.248,128.0,Ti II
5262.623,12.0,Fe I
5262.887,19.0,Fe I
5263.314,121.0,Fe I
5264.16,153.0,Cr I
5264.808,,Fe II
5265.56,112.0,Ca I
5265.964,55.0,T I
5266.472,252.0,T I
5267.275,25.0,Fe I
5268.342,37.0,N I
5269.55,478.0,Fe I
5270.064,7.5,Fe I
5270.269,255.0,Ca I
5271.618,5.5,T I
5272.003,21.0,Cr I
5272.4,9.5,Fe I
5273.17,103.0,Fe I
5273.389,104.0,Fe I
5274.236,6.5,Ce I
5275.17,39.0,Cr I
5275.284,62.0,Fe I
5276.071,152.0,Fe II
5276.878,1.5,Nd I
5277.308,7.5,Fe I
5278.254,8.0,Cr I
5278.961,6.5,S I
5279.671,5.5,Fe I
5279.877,18.0,Cr I
5280.369,60.0,Fe I
5281.163,4.0,Fe I
5281.798,164.0,Ni I
5282.402,22.0,T I
5283.443,212.0,Ti I
5284.112,67.0,Fe I
5284.615,21.0,Fe I
5285.13,25.0,Fe I
5285.649,4.0,Cr I
5287.183,9.5,Cr I
5288.218,2.0,Fe I
5288.533,56.0,Fe I
5289.282,2.0,T I
5289.82,2.5,Y I
5290.817,5.0,Fe I
5292.59,36.0,Fe I
5293.042,12.0,Fe I
5293.375,4.5,Cr I
5293.963,29.0,Fe I
5295.321,27.0,Fe I
5295.784,10.0,Ti I
5296.702,95.0,Cr I
5297.233,18.0,T I
5297.385,87.0,Cr I
5298.283,110.0,Cr I
5298.784,46.0,Fe I
5299.984,21.0,T I
5300.408,5.0,Fe I
5301.047,21.0,Co I
5301.312,3.0,Fe I
5302.307,,Fe I
5303.223,4.0,V I
5304.185,14.0,Cr I
5305.43,2.0,Fe I
5305.866,25.0,Cr I
5307.231,7.0,Ca I
5307.369,6.0,Fe I
5308.429,28.0,Cr I
5309.457,1.0,Cr I
5310.242,3.0,Co I
5310.697,14.0,Cr I
5311.631,3.0,Hf I
5311.782,3.0,Zr I
5312.656,7.5,Co I
5312.863,19.0,Cr I
5313.585,35.0,Cr I
5313.755,2.0,T I
5315.077,34.0,Fe I
5315.784,151.0,Fe I
5316.62,112.0,Fe II
5317.526,6.0,Fe I
5318.04,1.5,Fe I
5318.361,12.0,Sc I
5318.776,14.0,Cr I
5320.04,18.0,Fe I
5321.114,43.0,Fe I
5322.049,60.0,Fe I
5322.819,2.0,Pr I
5323.507,1.0,Fe I
5324.191,334.0,Fe I
5325.56,45.0,Fe I
5326.149,32.0,Fe I
5326.823,11.0,Fe I
5327.263,3.5,Fe I
5328.051,375.0,Fe I
5328.542,210.0,Fe I
5329.147,78.0,Cr I
5329.996,60.0,Fe I
5331.199,1.0,Fe I
5331.48,15.0,Fe I
5332.665,45.0,V II
5332.908,96.0,Fe I
5333.253,8.5,Co I
5334.222,3.5,Sc I
5334.33,2.0,Fe I
5334.87,32.0,Cr II
5336.169,4.0,Co I
5336.794,71.0,Ti II
5337.735,,Fe II
5338.333,13.0,T I
5339.217,3.0,Ca I
5339.535,3.5,Co I
5339.82,161.0,Fe I
5340.454,16.0,Cr I
5341.1,,Fe I
5341.328,12.0,Co I
5342.228,1.0,Fe I
5342.708,29.0,Co I
5342.962,1.0,Sc I
5343.438,65.0,Fe I
5344.16,2.0,Nb I
5344.458,11.0,Mn I
5344.763,8.5,Cr I
5345.543,8.5,Cr I
5345.807,107.0,Cr I
5346.545,20.0,Cr I
5347.717,4.5,N I
5348.07,4.5,Mn I
5348.326,92.0,Cr I
5349.098,5.0,Co I
5349.469,91.0,Ca I
5349.872,16.0,Mn I
5350.363,6.0,Zr I
5351.071,9.5,T I
5351.652,1.0,Cr I
5352.049,21.0,Co I
5353.383,75.0,Fe I
5355.731,4.0,Sc I
5356.084,2.0,Sc I
5357.19,4.0,Sc I
5359.203,9.5,Co I
5359.528,2.0,K I
5361.629,36.0,Fe I
5362.57,1.5,Zr I
5362.76,110.0,Fe I
5364.88,133.0,Fe I
5365.407,78.0,Fe I
5366.645,2.5,I I
5367.476,157.0,Fe I
5368.546,5.0,Cr I
5368.92,1.5,Co I
5369.596,40.0,Co I
5369.974,182.0,Fe I
5370.33,14.0,Cr I
5371.339,294.0,N I
5371.927,9.0,Nd I
5373.714,59.0,Fe I
5375.323,2.5,Sc I
5376.132,3.0,Cr I
5376.6,0.5,T I
5376.836,13.0,Fe I
5377.614,45.0,Mn I
5379.581,56.0,Fe I
5380.322,26.0,C I
5381.028,56.0,Ti I
5382.649,2.0,Fe I
5383.38,204.0,Fe I
5384.636,2.0,T I
5384.873,2.5,V I
5385.587,5.5,Fe I
5385.89,1.5,Nd I
5386.34,30.0,Fe I
5387.126,2.0,Fe I
5387.484,25.0,Fe I
5388.351,12.0,N I
5389.169,5.0,T I
5389.486,90.0,Fe I
5389.847,12.0,T I
5390.377,12.0,Cr I
5391.07,1.0,T I
5391.465,76.0,Cr I
5392.014,7.0,Fe I
5392.33,14.0,N I
5393.176,153.0,Fe I
5393.381,12.0,Ce I
5394.641,74.0,Mn I
5395.222,20.0,Fe I
5396.578,7.5,T I
5397.141,239.0,Fe I
5397.623,24.0,Fe I
5398.287,76.0,Fe I
5399.479,39.0,Mn I
5400.511,143.0,Fe I
5401.271,24.0,Fe I
5402.783,12.0,Y I
5403.829,60.0,Fe I
5404.993,10.0,Cr I
5405.358,43.0,Fe I
5405.785,266.0,Fe I
5406.337,9.0,Fe I
5406.779,37.0,Fe I
5407.482,67.0,Mn I
5408.088,3.0,Co I
5409.139,57.0,Fe I
5409.609,8.5,T I
5409.799,154.0,Cr I
5410.918,169.0,Fe I
5411.395,4.0,Fe I
5412.574,2.0,Fe I
5412.791,19.0,Fe I
5413.684,24.0,Mn I
5414.075,31.0,Fe I
5415.21,212.0,Fe I
5416.384,1.0,Nd I
5417.042,37.0,Fe I
5418.775,49.0,Ti I
5421.178,44.0,S I
5421.577,2.5,Nd I
5424.08,239.0,Fe I
5424.654,42.0,N I
5425.259,48.0,Fe I
5426.258,5.5,T I
5427.803,5.5,Fe I
5429.15,10.0,T I
5429.706,285.0,Fe I
5430.364,8.0,N I
5431.541,4.5,Nd I
5432.068,0.5,V I
5432.548,46.0,Mn I
5432.955,72.0,Fe I
5434.534,184.0,Fe I
5435.866,46.0,N I
5436.596,37.0,Fe I
5438.051,2.5,Fe I
5438.307,4.0,T I
5439.303,2.0,V I
5439.92,2.0,Fe I
5440.503,2.0,Ti I
5441.347,28.0,Fe I
5442.42,8.5,Cr I
5444.588,14.0,Co I
5445.053,121.0,Fe I
5445.776,3.0,Cr I
5446.591,74.0,T I
5446.924,238.0,Fe I
5447.938,1.5,T I
5448.378,16.0,Fe I
5448.933,2.0,T I
5451.127,6.0,Nd I
5452.101,12.0,Fe I
5452.298,3.5,Co I
5452.85,14.0,N I
5453.65,4.0,T I
5454.58,13.0,Co I
5455.624,219.0,Fe I
5456.528,8.0,Fe I
5457.474,11.0,Mn I
5457.832,1.0,Cr I
5458.58,0.0,Fe I
5460.513,8.5,T I
5460.888,7.0,Fe I
5461.559,22.0,Fe I
5462.501,40.0,N I
5462.97,93.0,Fe I
5463.289,118.0,Fe I
5463.972,9.5,Cr I
5464.288,33.0,Fe I
5466.031,2.5,Fe I
5466.405,76.0,Fe I
5466.993,29.0,Fe I
5468.114,10.0,N I
5469.28,7.5,Co I
5470.093,22.0,Fe I
5470.636,46.0,Mn I
5471.205,6.5,T I
5472.713,39.0,Ti I
5473.168,18.0,Fe I
5473.394,7.5,Y I
5473.91,80.0,Fe I
5475.44,4.0,N I
5476.576,104.0,Fe I
5476.921,164.0,Ni I
5478.464,46.0,Fe I
5479.028,1.0,N I
5479.98,1.5,Fe I
5480.518,9.5,Cr I
5481.443,64.0,T I
5481.873,10.0,T I
5483.108,42.0,Fe I
5483.364,42.0,Co I
5483.912,3.5,Co I
5484.646,3.0,Sc I
5485.706,2.5,Nd I
5486.524,1.0,Cr I
5487.153,32.0,Fe I
5487.524,22.0,Fe I
5487.755,88.0,Fe I
5489.686,6.0,Co I
5490.159,18.0,T I
5490.327,1.0,C2
5490.84,2.5,T I
5491.845,11.0,Fe I
5493.244,16.0,S I
5493.506,35.0,Fe I
5493.857,27.0,Fe I
5494.474,25.0,Fe I
5494.888,18.0,N I
5495.706,2.0,Co I
5496.573,9.0,Fe I
5497.356,128.0,Fe I
5497.901,3.0,C2
5498.749,0.5,C2
5499.03,2.5,C2
5499.598,3.0,Fe I
5500.749,3.0,C2
5500.983,3.5,C2
5501.477,115.0,Fe I
5502.092,23.0,Cr I
5503.08,42.0,Fe I
5503.904,13.0,T I
5504.665,1.5,C2
5505.728,2.5,Fe I
5505.889,52.0,Mn I
5506.51,5.5,Mo I
5506.791,120.0,Fe I
5507.771,2.5,V I
5508.633,17.0,Cr I
5509.114,0.5,Pr I
5510.02,41.0,Ni I
5510.73,16.0,Cr I
5511.436,4.5,C2
5512.062,9.0,Ce I
5512.535,47.0,T I
5512.989,94.0,Ca I
5513.384,2.5,C2
5514.221,1.5,Sc I
5514.544,43.0,Ti I
5514.802,7.5,N I
5515.354,2.0,C2
5516.738,41.0,Mn I
5517.075,18.0,Fe I
5517.552,14.0,S I
5518.095,2.0,T I
5518.371,2.0,C2
5518.796,2.0,C2
5519.585,25.0,Fe I
5519.858,5.5,Fe I
5520.511,7.5,Sc I
5521.139,7.0,Ca I
5521.59,5.5,Y I
5522.0,5.5,C2
5522.454,43.0,Fe I
5523.338,11.0,Co I
5523.87,3.0,C2
5524.268,5.0,Fe I
5525.135,13.0,Fe II
5525.552,102.0,Fe I
5526.194,3.5,C2
5527.112,2.0,C2
5527.58,6.0,Y I
5527.873,6.5,C2
5528.418,293.0,Mg I
5529.171,17.0,Fe I
5530.786,14.0,Co I
5531.985,18.0,Fe I
5532.355,5.0,C2
5532.751,39.0,Fe I
5533.438,2.0,C2
5533.798,3.0,C2
5534.676,10.0,Fe II
5534.848,63.0,Fe II
5535.51,113.0,Ba I
5536.086,3.5,C2
5536.598,7.0,Fe I
5537.119,3.0,N I
5537.811,34.0,Mn I
5538.522,38.0,Fe I
5539.063,2.5,C2
5539.291,22.0,Fe I
5539.832,9.5,Fe I
5540.452,8.0,C2
5540.898,6.5,C2
5541.909,1.5,C2
5543.199,61.0,Fe I
5543.944,63.0,Fe I
5544.616,8.0,Y I
5545.052,4.0,C I
5545.275,2.5,Fe I
5546.032,6.5,Y I
5546.514,53.0,Fe I
5547.0,29.0,Fe I
5547.945,2.5,C2
5548.617,2.0,Cr I
5549.656,9.5,Fe I
5549.958,10.0,Fe I
5551.548,5.5,C I
5551.978,8.5,Mn I
5552.7,7.0,Fe I
5553.13,5.5,Fe I
5553.589,40.0,Fe I
5554.0,2.0,C2
5554.528,1.5,C2
5554.9,102.0,Fe I
5555.646,3.5,C2
5556.202,1.0,Cr I
5556.478,1.0,Yb I
5557.482,5.0,C2
5558.6,1.0,C2
5558.77,3.0,V I
5559.648,7.5,Fe I
5560.22,44.0,Fe I
5560.431,2.0,V I
5561.246,8.5,C2
5562.716,52.0,Fe I
5564.134,1.5,C2
5564.58,1.0,C2
5564.972,4.0,C2
5565.713,79.0,Fe I
5565.953,4.5,C2
5566.415,0.5,C2
5566.814,3.0,C2
5567.4,57.0,Fe I
5568.28,3.5,Cr I
5568.871,8.5,Fe I
5569.631,162.0,Fe I
5570.397,6.5,Mo I
5570.763,1.5,C2
5571.488,4.5,C2
5572.155,4.5,C2
5572.652,4.5,Fe I
5573.107,44.0,Fe I
5573.544,2.0,C2
5573.757,2.0,C2
5574.399,3.0,Cr I
5574.912,2.0,C2
5575.683,2.5,C2
5576.099,113.0,Fe I
5577.028,13.0,Fe I
5577.341,6.0,C2
5578.729,46.0,N I
5579.039,4.0,C2
5579.493,3.5,C2
5580.453,3.5,C2
5581.284,5.0,C2
5581.979,91.0,Ca I
5582.287,5.5,C2
5582.757,5.5,C2
5583.391,2.0,C2
5584.514,4.5,V I
5584.773,32.0,Fe I
5585.663,5.5,T I
5586.28,8.5,V I
5586.771,245.0,Fe I
5587.581,31.0,Fe I
5587.868,49.0,N I
5588.764,141.0,Ca I
5589.366,25.0,N I
5590.126,86.0,Ca I
5590.706,6.0,Co I
5591.369,7.0,Sc I
5592.152,32.0,N I
5592.266,50.0,N I
5592.958,1.0,V I
5593.746,42.0,N I
5594.471,117.0,Ca I
5595.067,6.5,Fe I
5595.691,0.5,C2
5596.185,6.0,C2
5596.341,1.0,C2
5597.0,3.0,Cr I
5598.05,83.0,Fe I
5598.491,118.0,Fe I
5598.82,3.0,C2
5600.234,35.0,Fe I
5600.695,3.5,C2
5600.821,12.0,T I
5601.286,100.0,Ca I
5602.562,9.0,Fe I
5602.864,215.0,Ca I
5603.303,6.5,C2
5604.198,1.0,V I
5604.956,3.5,V I
5605.348,1.5,C2
5605.903,5.0,C2
5607.003,2.0,N I
5607.669,13.0,Fe I
5607.842,1.5,C2
5608.314,1.0,C2
5608.981,8.5,Fe I
5609.682,1.5,C2
5609.987,6.0,Fe I
5610.391,4.0,C2
5611.368,8.0,Fe I
5612.35,4.0,C2
5613.715,3.0,Fe I
5614.041,1.5,C2
5614.423,2.0,C2
5614.781,40.0,N I
5615.658,3.0,Fe I
5616.331,2.5,C2
5617.236,1.0,Fe I
5617.918,1.5,C2
5618.642,42.0,Fe I
5618.847,1.5,C2
5619.609,29.0,Fe I
5620.03,7.0,Fe I
5620.496,30.0,Fe I
5621.221,5.0,C2
5621.621,11.0,S I
5622.12,5.5,S I
5622.959,7.0,C2
5624.03,49.0,Fe I
5624.558,140.0,Fe V
5624.88,6.0,V I
5625.328,37.0,N I
5626.027,3.5,V I
5626.819,3.5,C2
5627.642,20.0,V I
5628.193,1.5,C2
5628.65,15.0,Cr I
5629.237,4.0,C2
5630.101,3.0,C2
5630.303,2.0,C2
5630.98,1.5,C2
5631.693,3.0,Fe I
5631.826,8.5,C2
5632.455,3.5,V I
5633.22,4.0,C2
5633.646,2.5,C2
5633.953,68.0,Fe I
5634.523,4.5,C2
5634.874,7.5,C2
5635.346,3.0,C2
5635.831,30.0,Fe I
5636.705,17.0,Fe I
5637.123,31.0,N I
5637.414,44.0,Fe I
5638.271,74.0,Fe I
5638.758,10.0,N I
5640.176,4.0,Co I
5640.502,2.5,Fe I
5640.989,39.0,Sc I
5641.448,64.0,Fe I
5641.893,24.0,N I
5642.381,5.0,Cr I
5643.087,14.0,N I
5644.146,29.0,T I
5645.618,35.0,S I
5646.111,5.0,V I
5647.241,11.0,Co I
5647.896,2.0,Cr I
5648.578,10.0,T I
5649.39,8.0,Cr I
5649.996,33.0,Fe I
5650.694,34.0,Fe I
5652.327,24.0,Fe I
5653.874,36.0,Fe I
5655.183,49.0,Fe I
5655.5,68.0,Fe I
5657.45,5.5,V I
5657.88,64.0,Sc II
5658.346,31.0,Sc I
5659.112,9.0,T I
5660.68,13.0,S I
5660.809,16.0,Fe I
5661.354,19.0,Fe I
5662.159,21.0,T I
5662.524,92.0,Fe I
5662.939,49.0,Fe I
5664.009,35.0,N I
5664.581,4.5,Cr I
5665.563,40.0,S I
5666.686,22.0,S I
5667.153,25.0,Sc I
5667.524,48.0,Fe I
5668.369,5.0,V I
5669.04,34.0,Sc II
5669.746,19.0,S I
5669.95,16.0,N I
5670.858,16.0,V I
5672.266,3.0,Fe I
5673.059,1.5,T I
5673.422,3.5,T I
5675.092,7.51,Fe I
5675.434,71.0,S I
5677.695,6.5,Fe I
5682.647,,Na I
5688.217,121.0,Na I
5689.477,11.0,T I
5690.433,53.0,S I
5690.957,3.5,Cr I
5691.505,38.0,N I
5693.132,2.5,C I
5693.65,48.0,Fe I
5694.744,19.0,Cr I
5694.991,41.0,N I
5696.652,3.5,S I
5698.0,30.0,Cr I
5698.53,34.0,V I
5700.186,29.0,Sc I
5700.524,6.0,Cr I
5701.108,40.0,S I
5701.557,86.0,Fe I
5702.328,27.0,Cr I
5703.587,26.0,V I
5704.74,21.0,Fe I
5705.473,37.0,Fe I
5706.008,74.0,Fe I
5707.048,43.0,Fe I
5708.102,37.0,Fe I
5708.405,77.0,S I
5709.386,103.0,Fe I
5711.095,107.0,Mg I
5711.884,77.0,Fe I
5712.778,17.0,Cr I
5714.159,21.0,Fe I
5715.094,73.0,N I
5715.821,3.5,Ca I
5717.311,2.5,Sc I
5717.841,63.0,Fe I
5719.828,5.0,Cr I
5720.45,3.5,T I
5723.671,4.0,Fe I
5724.095,1.5,Sc I
5724.466,5.0,Fe I
5725.658,2.0,V I
5727.057,37.0,V I
5727.661,7.5,V I
5729.202,3.0,Cr I
5731.22,7.5,V I
5731.772,59.0,Fe I
5732.73,3.5,Fe I
5734.048,4.0,V I
5735.713,7.5,Zr I
5736.644,4.0,Cr I
5738.24,13.0,Fe I
5739.061,1.0,T I
5739.483,6.5,T I
5739.987,7.0,T I
5741.856,31.0,Fe I
5742.968,12.0,Fe I
5744.47,1.0,T I
5746.422,3.5,Cr I
5747.669,35.0,S I
5747.858,7.0,Cr I
5748.361,26.0,N I
5749.298,6.0,N I
5752.042,56.0,Fe I
5753.132,78.0,Fe I
5753.646,49.0,S I
5754.235,12.0,S I
5754.666,73.0,Ni I
5754.922,4.5,Fe I
5759.02,0.5,Cr I
5759.545,10.0,Fe I
5760.359,18.0,Fe I
5760.841,28.0,N I
5761.424,0.5,V I
5762.423,22.0,Fe I
5763.002,101.0,Fe I
5768.902,1.0,Ce I
5772.149,47.0,S I
5772.415,2.5,V I
5774.038,9.0,T I
5775.088,48.0,Fe I
5777.762,1.5,Cr I
5778.463,16.0,Fe I
5780.608,29.0,Fe I
5780.812,21.0,Ti I
5782.136,62.0,Cu I
5782.371,3.0,K I
5783.073,24.0,Cr I
5783.866,34.0,Cr I
5784.666,20.0,Fe I
5784.976,26.0,Cr I
5785.285,40.0,Mg I
5785.98,11.0,T I
5787.021,6.0,Cr I
5787.926,36.0,Cr I
5788.394,5.0,Cr I
5789.763,0.5,T I
5790.663,2.0,Cr I
5790.99,74.0,Cr I
5791.76,4.0,Cr I
5793.079,38.0,S I
5793.705,2.5,Fe I
5793.922,28.0,Fe I
5794.455,1.0,C I
5796.671,2.0,Fe I
5796.77,2.5,Cr I
5797.436,2.0,Ti I
5797.865,32.0,S I
5798.513,2.5,Cr I
5801.749,1.5,K I
5804.038,20.0,Fe I
5804.462,18.0,Fe I
5805.226,38.0,Ni I
5805.769,11.0,Fe I
5806.732,51.0,Fe I
5807.249,0.5,Fe I
5807.792,7.5,Fe I
5808.314,0.5,La I
5809.224,50.0,Fe I
5809.873,2.5,Fe I
5812.131,1.0,K I
5812.839,2.5,Ti I
5813.339,2.0,Fe I
5814.815,21.0,Fe I
5815.448,0.5,Fe I
5815.868,1.0,Cr I
5817.08,14.0,V I
5817.493,2.0,V I
5834.036,14.0,Fe I
5835.109,12.0,Fe I
5835.434,8.0,Fe I
5837.709,9.0,Fe I
5838.678,5.0,Cr I
5839.53,0.5,Cr I
5839.768,1.0,Ti I
5841.188,1.5,T I
5843.227,3.0,Cr I
5844.608,4.5,Cr I
5844.933,3.0,Fe I
5846.569,2.0,Co I
5847.006,19.0,Ni I
5849.691,7.0,Fe I
5852.228,36.0,Fe I
5852.34,2.0,Fe I
5853.161,7.0,Fe I
5853.688,55.0,Ba II
5855.086,18.0,Fe I
5857.459,,Ca I
5862.368,,Fe I
5866.461,40.0,Ti I
5867.084,3.5,Cr I
5867.572,22.0,Ca I
5870.644,7.0,Fe I
5872.939,2.5,Fe I
5873.769,6.0,S I
5875.62,,He I D3
5876.296,7.0,Fe I
5877.797,16.0,Fe I
5879.493,12.0,Fe I
5880.026,15.0,Fe I
5880.27,7.5,Ti I
5881.279,16.0,Fe I
5883.442,1.0,Co I
5883.814,,Fe I
5884.439,3.0,Cr I
5885.629,2.5,Zr I
5887.476,6.0,Fe I
5889.973,,Na I D2
5890.495,4.5,Co I
5891.887,4.5,Fe I
5892.7,18.0,Ni I
5892.883,66.0,Ni I
5895.94,,Na I D1
5897.542,2.5,V I
5899.106,0.5,Ti I
5899.304,26.0,Ti I
5902.248,2.5,Cr I
5902.476,12.0,Fe I
5903.0,5.5,Ti I
5905.68,58.0,Fe I
5906.512,4.5,T I
5909.983,30.0,Fe I
5913.719,1.0,Ti I
5914.12,139.0,~Fe I
5915.166,1.5,Dy I
5915.565,5.0,Co I
5916.024,5.5,Cr I
5916.257,50.0,Fe I
5916.772,4.0,Cr I
5917.806,1.0,Fe I
5918.554,14.0,Ti I
5921.341,0.5,Cr I
5922.123,17.0,Ti I
5923.963,8.0,N I
5925.83,0.5,N I
5927.797,39.0,Fe I
5928.523,3.0,Fe I
5928.888,3.5,V I
5929.682,38.0,Fe I
5930.191,,Fe I
5934.665,,Fe I
5935.402,3.5,Co I
5937.814,7.0,Ti I
5938.753,1.5,Fe I
5940.658,4.5,T I
5940.997,14.0,Fe I
5941.764,17.0,T I
5944.68,1.0,T I
5946.466,1.5,Co I
5948.548,88.0,S I
5949.346,40.0,Fe I
5952.726,68.0,Fe I
5955.113,2.5,Fe I
5955.671,1.5,Fe I
5956.706,60.0,Fe I
5958.344,12.0,Fe I
5961.894,3.0,Fe I
5962.914,2.0,Fe I
5963.983,2.0,C I
5965.835,23.0,Ti I
5969.578,5.0,Fe I
5973.356,2.0,Fe I
5974.277,3.0,Fe I
5975.353,44.0,Fe I
5976.168,2.0,Fe I
5976.787,64.0,Fe I
5978.549,20.0,T I
5978.91,5.5,S I
5980.744,0.5,V I
5980.822,1.0,T I
5981.392,1.5,Fe I
5982.537,1.0,T I
5983.688,,Fe I
5984.066,4.5,Co I
5984.594,2.0,T I
5984.826,,Fe I
5987.07,68.0,Fe I
5991.378,29.0,Fe II
5991.791,6.5,Co I
5992.677,1.5,Fe I
5995.698,1.5,Ti I
5995.944,2.0,Fe I
5996.74,19.0,N I
5997.604,11.0,Fe I
5997.782,67.0,Fe I
5998.897,3.5,N I
6002.3,1.5,V I
6003.022,86.0,Fe I
6005.551,21.0,Fe I
6007.317,20.0,N I
6007.968,59.0,Fe I
6008.566,88.0,Fe I
6010.65,5.0,C I
6012.229,22.0,N I
6013.199,7.0,C I
6013.497,86.0,Mn I
6014.842,4.5,C I
6015.253,4.0,Fe I
6016.647,92.0,Mn I
6017.0,1.5,T I
6017.92,0.5,V I
6018.3,8.0,Fe I
6019.364,5.0,Fe I
6020.186,94.0,Fe I
6021.803,96.0,Mn I
6022.476,3.5,S I
6023.42,1.5,Y I
6024.068,117.0,Fe I
6025.767,4.0,Ni I
6027.059,61.0,Fe I
6029.0,3.0,V I
6029.286,2.0,Cr I
6030.68,1.5,Mo I
6031.016,6.0,I I
6031.306,2.0,Nd I
6032.672,1.0,Fe I
6034.038,7.0,Fe I
6039.736,11.0,V I
6042.104,51.0,Fe I
6043.4,2.0,Ce I
6045.492,3.5,Fe I
6047.667,1.5,Cr I
6049.124,4.0,Co I
6051.032,1.5,Fe I
6052.682,11.0,S I
6053.693,18.0,N I
6054.075,8.0,Fe I
6056.013,73.0,Fe I
6058.172,3.0,V I
6059.271,3.0,Sc I
6060.824,1.5,Fe I
6062.676,4.0,Cr I
6062.856,18.0,Zr I
6064.626,7.0,Ti I
6065.494,115.0,Fe I
6065.808,2.5,Fe I
6067.638,4.0,S I
6078.499,91.0,Fe I
6079.016,55.0,Fe I
6081.448,15.0,V I
6081.838,2.0,Fe I
6082.718,34.0,Fe I
6084.105,22.0,Fe I
6085.257,40.0,Ti I
6086.288,43.0,N I
6087.5,1.5,V I
6087.79,17.0,S I
6089.574,32.0,Fe I
6090.216,29.0,V I
6090.51,1.5,V I
6091.177,14.0,Ti I
6091.73,6.0,Fe I
6091.92,30.0,Si I
6093.151,11.0,Co I
6093.649,31.0,Fe I
6093.863,2.0,V I
6094.377,20.0,Fe I
6095.364,3.0,N I
6096.671,36.0,Fe I
6097.101,4.5,Fe I
6097.294,4.0,Ca I
6098.25,16.0,Fe I
6098.664,7.0,Ti I
6102.183,84.0,Fe I
6102.727,135.0,Ca I
6103.19,89.0,Fe I
6105.132,12.0,Fe I
6105.52,1.5,Co I
6105.785,3.0,N I
6106.616,10.0,S I
6106.86,3.5,Fe I
6107.35,2.5,Fe I
6108.125,60.0,Ni I
6111.078,36.0,Ni I
6111.652,12.0,V I
6113.131,6.0,Fe II
6113.329,17.0,Fe II
6114.391,1.5,Fe I
6114.801,1.5,Zr I
6116.198,65.0,Ni I
6117.001,8.0,Co I
6118.111,5.0,N I
6119.532,20.0,V I
6119.76,12.0,N I
6121.006,5.0,Ti I
6122.226,222.0,Ca I
6122.622,3.0,Co I
6123.45,4.0,S I
6125.026,36.0,S I
6126.224,20.0,Ti I
6127.475,3.5,Zr I
6127.912,48.0,Fe I
6128.984,21.0,N I
6129.532,7.0,Cr I
6130.141,23.0,N I
6130.352,2.5,Fe I
6131.577,26.0,S I
6131.858,27.0,S I
6133.977,5.0,N I
6134.57,3.5,Zr I
6135.072,2.5,V I
6135.37,12.0,V I
6136.624,137.0,Fe I
6137.002,64.0,Fe I
6137.702,129.0,Fe I
6138.522,17.0,Fe I
6140.46,2.0,Zr I
6141.727,113.0,Ba II
6142.018,5.0,Ni I
6142.494,34.0,S I
6143.183,2.5,Zr I
6145.02,38.0,S I
6145.411,4.0,Fe I
6146.85,3.5,Ti I
6147.834,76.0,Fe II
6148.662,3.5,Fe I
6149.249,35.0,Fe I
6149.742,2.5,T I
6150.154,12.0,V I
6151.623,41.0,Fe I
6154.23,27.0,Na I
6154.442,2.5,Cr I
6155.241,72.0,Si I
6155.706,5.0,S I
6156.03,7.0,Ca I
6156.801,5.0,O I
6157.733,48.0,Fe I
6158.171,3.5,O I
6159.382,8.0,Fe I
6160.753,44.0,Na I
6161.295,52.0,Ca I
6162.18,222.0,Ca I
6163.421,29.0,Ni I
6163.754,49.0,Ca I
6165.363,33.0,Fe I
6166.44,54.0,Ca I
6169.044,85.0,Ca I
6169.564,98.0,Ca I
6170.516,66.0,Fe I
6171.004,2.5,Fe I
6173.065,1.5,Eu I
6173.341,50.0,Fe I
6174.737,2.0,T I
6175.37,36.0,Ni I
6176.816,50.0,Ni I
6177.253,10.0,Ni I
6178.518,3.0,N I
6180.209,40.0,Fe I
6183.122,1.5,Ni I
6183.872,5.0,N I
6185.38,1.5,Fe I
6186.717,22.0,N I
6187.41,2.5,Fe I
6187.995,36.0,Fe I
6188.998,6.0,Co I
6191.186,56.0,Ni I
6191.571,110.0,Fe I
6195.18,1.5,Cr I
6196.68,2.0,Fe I
6198.655,1.0,N I
6199.186,8.0,V I
6199.508,3.5,Fe I
6200.321,55.0,Fe I
6204.61,16.0,Ni I
6207.232,2.5,Fe I
6209.754,1.0,Fe I
6210.671,2.0,Sc I
6212.067,2.5,Fe I
6213.12,0.5,Zr I
6213.437,61.0,Fe I
6213.866,3.0,V I
6215.149,40.0,Fe I
6216.358,30.0,V I
6219.287,82.0,Fe I
6220.488,9.0,Ti I
6220.791,17.0,Fe I
6221.342,13.0,Ti I
6222.61,1.5,Y I
6223.99,24.0,Ni I
6224.506,5.0,V I
6226.74,24.0,Fe I
6229.232,33.0,Fe I
6230.098,18.0,N I
6230.736,151.0,Fe I
6231.003,2.5,Co I
6232.648,76.0,Fe I
6233.201,4.0,V I
6237.328,60.0,Si I
6238.39,,Fe II
6239.361,6.0,Sc I
6240.161,2.0,V I
6240.653,40.0,Fe I
6243.114,24.0,V I
6243.823,43.0,Si I
6244.476,45.0,S I
6245.204,1.0,V I
6245.62,30.0,Sc II
6245.891,2.5,Fe I
6246.327,112.0,Fe I
6247.562,,Fe II
6249.643,6.0,Fe I
6249.91,0.5,La I
6251.286,2.0,Fe I
6251.825,11.0,V I
6252.565,109.0,Fe I
6253.55,2.5,S I
6254.173,115.0,Si I
6254.845,4.5,S I
6255.952,18.0,Fe I
6256.367,81.0,Fe I
6256.887,3.0,V I
6257.594,2.0,Co I
6258.11,42.0,Ti I
6258.713,43.0,Ti I
6258.936,3.0,Sc I
6259.594,14.0,N I
6261.106,40.0,Ti I
6262.25,3.0,La I
6265.141,72.0,Fe I
6266.015,1.0,T I
6266.326,3.0,V I
6267.845,5.0,Fe I
6268.53,2.5,Ti I
6268.872,3.0,V I
6270.231,,Fe I
6271.767,3.5,N I
6272.645,4.0,N I
6274.658,6.0,V I
6279.74,23.0,Sc I
6280.622,52.0,Fe I
6282.599,6.0,Co I
6284.001,0.5,Fe I
6285.165,7.0,V I
6290.974,66.0,Fe I
6293.933,12.0,Fe I
6296.495,6.0,V I
6297.799,65.0,Fe I
6300.503,5.0,Fe I
6301.508,,Fe I
6302.499,83.0,Fe I
6303.461,4.0,Fe I
6303.767,5.0,T I
6304.324,4.5,Zr I
6305.667,3.5,Sc I
6306.04,1.5,Sc I
6311.239,8.0,T I
6312.241,5.0,Ti I
6313.03,1.0,Zr I
6314.668,67.0,Ni I
6315.314,,Fe I
6316.584,2.0,N I
6318.027,96.0,Fe I
6318.61,49.0,Ca I
6319.242,18.0,Mg I
6320.429,4.0,La I
6320.843,6.0,Sc I
6322.169,19.0,N I
6322.694,,Fe I
6325.165,2.0,Ti I
6326.823,2.0,V I
6327.604,36.0,Ni I
6330.096,25.0,Cr I
6330.852,32.0,Fe I
6331.953,11.0,S I
6335.337,,Fe I
6336.113,8.0,Ti I
6336.83,121.0,Fe I
6339.118,44.0,Ni I
6339.975,1.0,Fe I
6343.71,70.0,Ca I
6344.155,56.0,Fe I
6347.095,54.0,Si II
6347.86,4.0,Co I
6349.48,3.0,V I
6350.495,8.0,N I
6351.287,3.0,Fe I
6353.849,1.5,Fe I
6355.035,62.0,Fe I
6357.29,1.5,V I
6358.687,82.0,Fe I
6360.818,16.0,N I
6361.94,89.0,Ca I
6362.35,23.0,Zn I
6362.876,30.0,Cr I
6363.79,3.0,O I
6364.369,25.0,Fe I
6366.491,26.0,N I
6369.463,18.0,Fe I
6370.357,11.0,N I
6371.355,35.0,S I
6374.56,,Fe X
6375.225,3.0,Ni I
6378.256,27.0,Ni I
6379.39,1.0,V I
6380.75,40.0,Fe I
6383.715,8.0,Fe I
6383.906,2.0,CN
6384.668,20.0,Mn I
6385.726,8.0,Fe I
6388.427,2.5,CN
6392.538,10.0,Fe I
6393.612,117.0,Fe I
6395.148,6.0,Co I
6396.388,1.0,CN
6397.545,1.0,At I
6397.974,3.0,CN
6400.009,181.0,Fe I
6400.323,46.0,Fe I
6400.811,2.0,CN
6403.127,2.0,CN
6405.45,6.0,CN
6407.113,6.0,S I
6407.291,26.0,S I
6408.026,80.0,Fe I
6408.375,5.0,CN
6409.799,,Cr I
6411.113,6.0,Fe I
6411.658,129.0,Fe I
6412.233,2.0,Fe I
6413.14,0.5,Ti I
6413.32,1.5,Sc I
6413.932,2.0,CN
6414.594,15.0,N I
6414.987,45.0,Si I
6415.424,5.0,CN
6416.928,,Fe II
6417.685,9.0,Ca I
6419.09,1.5,Ti I
6419.65,9.0,CN
6419.956,80.0,Fe I
6420.75,2.0,CN
6421.36,87.0,Fe I
6425.537,2.5,CN
6426.281,2.0,CN
6429.902,2.5,Co I
6430.5,1.5,V I
6430.856,106.0,Fe I
6431.679,1.5,CN
6432.023,1.5,CN
6432.683,,Fe II
6438.04,2.0,CN
6439.083,156.0,Ca I
6440.934,4.0,Mn I
6442.95,3.5,Fe I
6444.218,4.5,CN
6444.71,3.0,CN
6449.82,,Ca I
6450.654,1.0,CN
6451.573,3.0,Ni I
6452.315,6.0,V I
6455.605,,Ca I
6456.391,57.0,Fe II
6458.556,2.0,CN
6462.6,,Ca I
6464.183,2.0,CN
6464.679,10.0,Ca I
6465.787,2.5,CN
6466.997,5.0,V I
6469.192,52.0,Fe I
6470.23,1.0,Zr I
6471.668,83.0,Ca I
6472.144,2.5,Fe I
6474.614,4.0,Fe I
6475.632,57.0,Fe I
6477.869,6.0,Co I
6478.65,4.5,CN
6481.878,63.0,Fe I
6482.809,38.0,Ni I
6483.94,11.0,Fe I
6486.277,3.0,CN
6489.651,6.0,Zr I
6491.582,45.0,Ti II
6493.788,133.0,Ca I
6494.994,165.0,Fe I
6495.74,42.0,Fe I
6496.472,69.0,Fe I
6496.908,98.0,Ba II
6497.68,5.0,Ti I
6498.945,43.0,Fe I
6499.654,81.0,Ca I
6501.678,25.0,Fe I
6502.22,7.0,Ni I
6504.0,1.5,Sr I
6505.488,6.0,CN
6508.154,3.0,T I
6508.846,11.0,Ca I
6510.42,2.0,CN
6516.083,61.0,Fe II
6518.373,61.0,Fe I
6524.7,5.0,Fe I
6526.653,28.0,S I
6527.215,53.0,Si I
6527.598,4.0,CN
6528.539,11.0,Fe I
6529.187,2.0,Cr I
6532.881,18.0,N I
6543.51,3.0,V I
6546.252,103.0,Fe I
6547.705,16.0,H2O
6548.34,3.5,T I
6554.238,14.0,Ti I
6555.466,40.0,S I
6556.077,14.0,Ti I
6558.03,1.0,V I
6559.576,14.0,T I
6562.808,4020.0,H$\alpha$
6565.9,1.0,V I
6569.224,71.0,Fe I
6571.18,5.0,Fe I
6572.795,26.0,Ca I
6574.254,22.0,Fe I
6575.037,64.0,Fe I
6578.96,2.0,V I
6581.218,14.0,Fe I
6583.71,15.0,S I
6586.319,35.0,Ni I
6591.326,10.0,Fe I
6592.522,23.0,Ni I
6592.926,123.0,Fe I
6593.884,89.0,Fe I
6595.355,4.0,Ti I
6597.571,44.0,Fe I
6598.611,26.0,Ni I
6599.113,8.5,Ti I
6603.25,1.5,Fe I
6603.65,3.0,Fe I
6604.6,36.0,Sc I
6605.924,5.0,V I
6606.979,8.0,T I
6608.044,18.0,Fe I
6609.0,76.0,Fe I
6609.582,13.0,Fe I
6610.82,4.0,N I
6612.237,5.0,Cr I
6613.73,4.0,Y I
6613.83,5.0,Fe I
6615.01,2.0,Fe I
6616.2,2.5,S I
6617.6,2.5,Co I
6619.588,3.0,S I
6621.204,2.5,N I
6622.402,3.0,Fe I
6623.82,5.0,Fe I
6625.039,11.0,Fe I
6627.56,24.0,Fe I
6630.032,6.0,Cr I
6631.087,1.5,S I
6632.472,5.0,Co I
6633.427,30.0,Fe I
6633.758,70.0,Fe I
6635.137,19.0,N I
6635.702,7.0,S I
6636.332,2.0,Cr I
6639.717,17.0,Fe I
6639.897,11.0,Fe I
6643.0,2.0,Cr I
6643.638,83.0,Ni I
6644.35,2.0,CN
6645.127,4.0,Eu I
6646.966,171.0,Fe I
6648.121,5.0,Fe I
6652.361,3.0,S I
6653.04,1.0,CN
6653.911,8.0,Fe I
6661.081,10.0,Cr I
6661.341,6.0,Ni I
6663.246,31.0,Fe I
6663.448,76.0,Fe I
6664.31,1.0,CN
6665.47,2.0,Fe I
6666.54,2.0,T I
6667.23,1.5,CN
6667.74,7.0,Fe I
6668.801,1.0,S I
6669.31,5.0,Cr I
6671.82,6.0,C I
6673.88,1.0,Fe I
6677.24,2.0,T I
6677.54,3.0,Fe I
6677.997,122.0,Fe I
6678.576,2.0,T I
6678.849,5.0,Co I
6681.3,3.0,CN
6682.24,1.0,Fe I
6684.89,2.0,Co I
6687.96,1.0,CN
6688.83,1.5,C I
6690.825,3.0,Ni I
6692.304,2.0,Fe I
6692.856,3.0,Fe I
6694.62,1.0,CN
6696.032,33.0,Al I
6696.322,16.0,Fe I
6698.0,1.5,CN
6698.669,21.0,Al I
6699.136,7.0,Fe I
6700.919,1.5,N I
6701.47,,Ni XV
6703.576,32.0,Fe I
6703.97,2.5,CN
6704.5,5.0,Fe I
6705.105,42.0,Fe I
6707.05,1.5,S I
6707.76,1.5,Li I
6709.1,2.0,CN
6710.323,12.0,Fe I
6711.282,2.0,Fe I
6711.847,3.0,CN
6712.467,2.5,Fe I
6713.044,24.0,Fe I
6713.745,23.0,Fe I
6715.386,33.0,Fe I
6716.252,15.0,Fe I
6717.19,1.5,CN
6717.687,120.0,Ca I
6721.844,55.0,S I
6722.82,2.0,CN
6725.364,17.0,Fe I
6726.673,50.0,Fe I
6729.05,9.0,Fe I
6732.068,8.0,Fe I
6733.153,25.0,Fe I
6734.272,7.0,Cr I
6735.025,2.0,Fe I
6736.546,1.5,Fe I
6737.28,1.5,Fe I
6739.21,1.0,S I
6739.524,11.0,Fe I
6740.95,3.0,CN
6741.629,18.0,S I
6743.127,19.0,T I
6743.575,12.0,S I
6745.113,7.0,Fe I
6745.547,4.0,T I
6745.984,8.0,Fe I
6746.36,0.5,T I
6746.975,5.0,Fe I
6747.62,2.0,CN
6748.87,17.0,Cr I
6749.541,1.0,Fe I
6750.164,75.0,Fe I
6751.44,3.0,Cr I
6752.716,42.0,Fe I
6753.47,5.0,Fe I
6755.605,12.0,Fe I
6756.568,5.0,Fe I
6757.195,19.0,S I
6759.46,1.5,Ni I
6761.011,3.5,Fe I
6762.156,2.0,CN
6762.398,2.0,Zr I
6764.11,2.0,Fe I
6767.784,83.0,Ni I
6768.83,1.0,CN
6769.682,3.0,Fe I
6770.97,5.0,Co I
6772.321,51.0,N I
6774.33,2.0,La I
6776.42,1.0,CN
6777.406,6.0,Fe I
6782.502,4.0,Ni I
6783.714,9.0,Fe I
6784.214,11.0,V I
6785.76,2.5,Fe I
6786.46,4.0,Fe I
6786.86,16.0,Fe I
6787.604,1.0,Fe I
6789.154,3.0,Cr I
6793.628,12.0,Fe I
6795.428,3.0,Y I
6796.128,8.0,Fe I
6796.49,3.0,Cr I
6798.15,0.5,Cr I
6798.467,4.0,Ca I
6801.849,1.0,Fe I
6803.27,1.0,Fe I
6804.01,14.0,Fe I
6804.297,10.0,Fe I
6805.106,0.5,Cr I
6806.856,24.0,Fe I
6809.27,0.5,Fe I
6810.267,42.0,Fe I
6812.356,2.0,V I
6813.0,0.5,Cr I
6813.616,4.0,Fe I
6814.961,12.0,Co I
6819.595,5.0,Fe I
6820.374,37.0,Fe I
6822.042,1.0,Fe I
6824.857,2.0,Fe I
6828.193,5.0,C I
6828.596,56.0,Fe I
6830.04,1.0,V I
6832.474,0.5,V I
6833.248,8.0,Fe I
6837.013,15.0,Fe I
6838.85,31.0,Fe I
6839.835,30.0,Fe I
6841.19,8.0,Mg I
6841.341,65.0,Fe I
6842.043,26.0,N I
6842.689,41.0,Fe I
6843.655,59.0,Fe I
6844.683,3.0,Fe I
6848.566,15.0,S I
6848.87,3.0,Fe I
6850.439,10.0,N I
6851.652,4.5,Fe I
6855.166,85.0,Fe I
6855.723,23.0,Fe I
6857.251,27.0,Fe I
6858.155,57.0,Fe I
6858.29,5.0,Y I
6860.327,7.0,Fe I
6860.953,6.0,Fe I
6861.5,12.0,T I
6861.945,22.0,Fe I
6862.496,39.0,Fe I
6864.324,9.0,Fe I
6872.44,5.0,Co I
6875.45,4.0,Fe I
6875.995,12.0,Fe I
6876.38,10.0,S I
6880.637,14.0,Fe I
6881.716,28.0,Cr I
6882.502,34.0,Cr I
6883.07,31.0,Cr I
6894.89,6.0,Mg I
6898.307,16.0,Fe I
6901.9,6.0,N I
6902.874,22.0,Fe I
6911.522,14.0,Fe I
6912.45,3.0,Fe I
6914.564,83.0,Ni I
6916.686,60.0,Fe I
6925.28,45.0,Cr I
6926.097,21.0,Cr I
6928.33,4.0,N I
6933.026,16.0,Fe I
6936.496,6.0,Fe I
6938.737,3.0,K I
6943.637,1.0,CN
6945.21,82.0,Fe I
6947.55,88.0,Fe I
6953.057,2.0,Fe I
6955.04,13.0,N I
6957.703,2.0,CN
6960.33,13.0,Fe I
6965.408,25.0,Mg I
6965.925,8.0,CN
6966.75,2.5,CN
6968.582,2.0,CN
6971.51,3.0,CN
6971.917,17.0,Fe I
6975.44,22.0,Fe I
6976.24,11.0,Fe I
6976.504,47.0,S I
6978.383,68.0,Cr I
6978.862,90.0,Fe I
6979.806,41.0,Cr I
6980.91,8.0,Cr I
6983.52,5.0,Fe I
6994.371,8.0,CN
6994.83,2.5,CN
6996.634,4.0,T I
6999.885,71.0,Fe I
7000.623,23.0,Fe I
7001.551,11.0,N I
7003.574,81.0,Si I
7003.977,4.0,CN
7005.9,89.0,Si I
7007.976,31.0,Fe I
7011.92,5.0,CN
7014.546,2.0,CN
7016.067,62.0,Fe I
7016.72,38.0,S I
7017.666,51.0,S I
7018.06,5.0,CN
7022.957,72.0,Fe I
7024.065,31.0,Fe I
7024.644,51.0,Fe I
7030.021,23.0,N I
7031.09,4.0,CN
7034.38,11.0,N I
7034.91,80.0,Si I
7035.856,3.0,T I
7037.38,6.0,N I
7038.22,76.0,Fe I
7038.765,40.0,Fe I
7045.038,2.0,CN
7045.44,2.0,CN
7049.6,1.5,N I
7050.78,2.0,T I
7052.34,1.5,CN
7052.87,13.0,Co I
7054.0,5.0,Co I
7059.47,3.0,CN
7060.0,5.0,CN
7062.978,13.0,N I
7063.6,5.0,N I
7065.2,,He I
7067.46,13.0,Fe I
7068.07,7.0,Fe I
7068.423,64.0,Fe I
7069.06,3.0,T I
7069.54,4.5,Fe I
7070.1,1.0,Sr I
7071.866,35.0,Fe I
7075.89,3.0,CN
7083.394,27.0,Fe I
7084.656,17.0,Al I
7085.533,3.0,C I
7086.73,23.0,Fe I
7090.39,73.0,Fe I
7091.942,16.0,Fe I
7092.31,1.5,CN
7093.09,18.0,Fe I
7093.34,4.0,C I
7095.18,1.5,CN
7095.407,32.0,N I
7096.93,2.0,CN
7097.45,2.5,S I
7097.76,1.0,Zr I
7099.22,2.0,CN
7101.09,1.5,CN
7103.47,3.0,CN
7103.8,1.5,Zr I
7105.87,2.5,Fe I
7107.25,1.0,Fe I
7107.468,24.0,Fe I
7107.909,3.0,CN
7108.92,3.5,C I
7109.7,2.0,Fe I
7110.14,1.0,CN
7110.905,41.0,N I
7111.45,23.0,C I
7112.17,33.0,Fe I
7113.171,30.0,C I
7114.574,8.0,Fe I
7115.17,33.0,C I
7115.83,1.5,CN
7116.963,21.0,C I
7118.105,16.0,Fe I
7118.975,4.0,CN
7119.38,3.0,CN
7120.58,1.5,Fe I
7121.67,1.5,CN
7122.206,107.0,Ni I
7123.41,2.0,CN
7123.8,1.0,CN
7125.84,1.5,CN
7126.71,5.0,N I
7127.573,29.0,Fe I
7129.23,5.0,Fe I
7130.64,3.0,CN
7130.925,105.0,Fe I
7131.36,11.0,CN
7132.21,3.0,C I
7132.985,44.0,Fe I
7133.389,6.0,CN
7134.32,2.0,Co I
7138.08,4.0,T I
7138.926,5.0,T I
7139.68,2.5,CN
7139.8,3.0,CN
7141.64,3.0,N I
7142.517,44.0,Fe I
7143.96,3.0,CN
7145.312,42.0,Fe I
7147.28,3.0,CN
7148.15,157.0,Ca I
7148.704,14.0,Fe I
7150.172,12.0,CN
7151.464,24.0,Fe I
7155.634,45.0,Fe I
7160.2,3.0,CN
7160.859,4.0,CN
7164.432,153.0,Fe I
7165.14,12.0,Si I
7165.578,93.0,Si I
7166.57,5.0,CN
7166.96,14.0,Ni I
7174.45,3.0,Mn I
7176.59,2.0,P I
7178.765,4.0,CN
7180.004,19.0,Fe I
7181.198,71.0,Fe I
7181.955,81.0,N I
7185.56,7.0,Cr I
7187.388,,Fe I
7188.62,9.0,T I
7189.141,43.0,Fe I
7190.128,15.0,Fe I
7191.67,5.0,Fe I
7193.183,60.0,Mg I
7194.07,7.0,Fe I
7194.38,4.0,CN
7197.02,70.0,N I
7200.22,5.0,CN
7202.208,124.0,Ca I
7207.131,72.0,Fe I
7207.396,150.0,Fe I
7208.22,8.0,S I
7208.6,1.5,CN
7212.44,34.0,Fe I
7212.91,1.0,CN
7213.847,9.0,CN
7214.74,25.0,T I
7214.93,13.0,T I
7216.19,22.0,T I
7216.63,20.0,Fe I
7219.68,53.0,Fe I
7221.204,49.0,Fe I
7222.397,27.0,Fe I
7222.9,24.0,Fe I
7224.464,28.0,Fe I
7225.056,3.5,N I
7226.208,46.0,S I
7228.7,29.0,Fe I
7229.121,15.0,CN
7230.56,2.0,Cr I
7232.55,2.0,CN
7233.33,2.5,CN
7235.325,47.0,S I
7235.85,31.0,S I
7237.4,4.5,CN
7243.09,6.0,S I
7244.48,4.0,CN
7244.85,63.0,T I
7245.9,2.0,CN
7246.37,3.0,CN
7249.9,1.5,CN
7251.717,34.0,T I
7254.648,32.0,Fe I
7254.93,1.5,CN
7255.42,4.0,CN
7256.142,17.0,Fe I
7256.8,0.5,N I
7261.016,19.0,Fe I
7261.97,78.0,N I
7263.63,5.0,CN
7264.2,4.0,Y I
7266.28,12.0,T I
7271.55,6.0,T I
7279.38,5.0,CN
7281.35,,He I
7282.844,68.0,S I
7283.77,13.0,Mn I
7284.842,41.0,Fe I
7285.305,25.0,Fe I
7286.52,5.0,S I
7286.9,1.5,CN
7288.741,70.0,Fe I
7289.188,116.0,Si I
7290.25,4.0,S I
7293.052,85.0,Fe I
7295.78,2.0,CN
7297.93,2.0,CN
7298.51,5.0,CN
7301.577,7.0,Fe I
7305.873,3.0,T I
7306.57,43.0,Fe I
7307.96,52.0,Fe I
7308.5,4.5,CN
7311.08,67.0,Fe I
7311.64,5.0,CN
7313.72,1.0,CN
7314.96,1.0,CN
7317.43,13.0,Fe I
7320.689,72.0,Fe I
7321.27,2.5,V I
7323.354,9.0,CN
7324.29,5.0,CN
7325.28,2.0,CN
7326.16,136.0,Ca I
7327.65,18.0,N I
7328.828,5.0,CN
